OBJECTID,HLUTVERK,GERD,GLJ_ID,DNR,LAGNINGARAR,KERFI,EIGANDI,SVF,VERKNR,VBL,SYMBOL,SNUNINGUR,HEIMILD,DAGSINNSETNINGAR,DAGSLEIDRETTINGAR,NAKVAEMNIXY,NAKVAEMNIZ,FLOKKUR_IST120,GLOBALID,STADA,DMM_GATLISTI,X,Y,Z,TENGINR,GREIN,KENNI,STADUR,VIDHALD,LAT,LON,Lóð,Viðfang,Ljósastaur XID,Ljósabúnaður XID,Auðkenni ljósabúnaðar (OBJECTID),Tegund ljósabúnaðar,Heiti tegundar ljósabúnaðar,Framleiðandi ljósabúnaðar,Ljósgjafi,Skráð afl [W],Notað ljósstreymi [LM],Litarhitastig [K],Ljósdreifing,Birgir,Ábyrgðartímabil [Ár],Stjórneining,Annað,Lýsing,Dags. kveiking,Dags. uppsett,Eigandi Umsjón-starfsmaður,Kennitala eiganda,Veitutegund,Uppsett afl [W],Uppsett ljósstreymi [ln],Straumfesta,Miðnæturdimming,Tengill (Zhaga),Halli ljósabúnaðar,Litur ljósabúnaðar,Þyngd [kg],Vindflötur [m²],Ljóshlíf,Lampa verkefni,Staða
1828902,Götuljós,6,66360,432,2005,Götuljósakort,Gatnamálastofa-rekstur/viðhald,0,70093170,710977.0,106,344.2192467,Veita_43002,2005/05/18 15:55:55+00,2006/03/16 13:54:39+00,0.3,,403.0,{10BB98DF-D40C-4AC3-A4BC-176EF8A8EDC4},Innfært,https://dmm.on.is/service/HandlerGatlistiOpinLeitEignaflokkur.ashx?Gatlisti=22553&OpinLeit=drst0432&Eignaflokkur=15440&Sleppa=0,356993.604,407413.236,0.0,,,,Vesturbær Götulýsing,,64.13966573,-21.93821809,,Vesturbær Götulýsing            ,,62306,1342,Siteco-NA150W,Siteco-NA150W,Siteco,,150,,2000.0,,,,,,ST100 Siteco 150W NA,1032006,,,,G,150,,,,,,,,,,,
1833544,Götuljós,17,27050,106,1995,Götuljósakort,Gatnamálastofa-rekstur/viðhald,0,70096747,1214361.0,117,165.896492,Veita_43002,1995/11/28 00:00:00+00,2019/05/07 09:55:27+00,0.0,,403.0,{6D09B3F4-08F4-4326-96F7-6FFE63943AFD},Innfært,https://dmm.on.is/service/HandlerGatlistiOpinLeitEignaflokkur.ashx?Gatlisti=22553&OpinLeit=drst0106&Eignaflokkur=15440&Sleppa=0,356946.9668,407555.684,0.0,,,,Vesturbær Götulýsing,,64.14092267,-21.9393109,,Vesturbær Götulýsing            ,,90160,5628,LQ93-3BFR-LED12W2.7K,LQ93-3BFR-LED12W2.7K,GMR Enlights,LED,12,,2700.0,,,,,,LQ93-3BFR 12W 2.7K,15042019,1011900.0,,,G,12,,,,,,,,,,,
1833586,Götuljós,18,66352,432,2005,Götuljósakort,Gatnamálastofa-rekstur/viðhald,0,70096747,711005.0,118,298.6639571,Veita_43002,2005/05/18 15:57:09+00,2019/05/07 10:51:27+00,0.3,,403.0,{46461269-4F27-4D8C-896F-3C9E420AB213},Innfært,https://dmm.on.is/service/HandlerGatlistiOpinLeitEignaflokkur.ashx?Gatlisti=22553&OpinLeit=drst0432&Eignaflokkur=15440&Sleppa=0,356963.529,407387.048,0.0,,,,Vesturbær Götulýsing,,64.13941854,-21.93881013,,Vesturbær Götulýsing            ,,90174,5628,LQ93-3BFR-LED12W2.7K,LQ93-3BFR-LED12W2.7K,GMR Enlights,LED,12,,2700.0,,,,,,LQ93-3BFR 12W 2.7K,15042019,1011900.0,,,G,12,,,,,,,,,,,
1834182,Götuljós,17,27043,106,2005,Götuljósakort,Gatnamálastofa-rekstur/viðhald,0,70096747,1214363.0,117,90.0,Áætlað 2009 - Dreifing,1995/11/28 00:00:00+00,2019/05/07 09:55:27+00,0.0,,403.0,{D7D0ADDA-4D45-419C-B95D-04B32D6EC3F6},Innfært,https://dmm.on.is/service/HandlerGatlistiOpinLeitEignaflokkur.ashx?Gatlisti=22553&OpinLeit=drst0106&Eignaflokkur=15440&Sleppa=0,356694.832,407620.694,0.0,,,,Vesturbær Götulýsing,,64.14139997,-21.94454621,,Vesturbær Götulýsing            ,,90153,5628,LQ93-3BFR-LED12W2.7K,LQ93-3BFR-LED12W2.7K,GMR Enlights,LED,12,,2700.0,,,,,,LQ93-3BFR 12W 2.7K,15042019,1011900.0,,,G,12,,,,,,,,,,,
1834183,Götuljós,17,27047,106,2005,Götuljósakort,Gatnamálastofa-rekstur/viðhald,0,70096747,1214672.0,117,90.0,Áætlað 2009 - Dreifing,1995/11/28 00:00:00+00,2019/05/07 09:55:27+00,0.0,,403.0,{929DB221-6CE1-4F1F-A90A-8E7B46D2E81A},Innfært,https://dmm.on.is/service/HandlerGatlistiOpinLeitEignaflokkur.ashx?Gatlisti=22553&OpinLeit=drst0106&Eignaflokkur=15440&Sleppa=0,356830.08,407576.479,0.0,,,,Vesturbær Götulýsing,,64.14106025,-21.94172898,,Vesturbær Götulýsing            ,,90157,5628,LQ93-3BFR-LED12W2.7K,LQ93-3BFR-LED12W2.7K,GMR Enlights,LED,12,,2700.0,,,,,,LQ93-3BFR 12W 2.7K,15042019,1011900.0,,,G,12,,,,,,,,,,,
1834493,Götuljós,18,66355,432,2005,Götuljósakort,Gatnamálastofa-rekstur/viðhald,0,70096747,711001.0,118,211.1389724,Veita_43002,2005/05/18 15:57:10+00,2019/05/07 10:51:27+00,0.3,,403.0,{98871E0C-AEAB-433E-A9AA-EDBCD4B30886},Innfært,https://dmm.on.is/service/HandlerGatlistiOpinLeitEignaflokkur.ashx?Gatlisti=22553&OpinLeit=drst0432&Eignaflokkur=15440&Sleppa=0,356889.275,407398.402,0.0,,,,Vesturbær Götulýsing,,64.13948932,-21.94034438,,Vesturbær Götulýsing            ,,90177,5628,LQ93-3BFR-LED12W2.7K,LQ93-3BFR-LED12W2.7K,GMR Enlights,LED,12,,2700.0,,,,,,LQ93-3BFR 12W 2.7K,15042019,1011900.0,,,G,12,,,,,,,,,,,
1834529,Götuljós,18,66359,432,2005,Götuljósakort,Gatnamálastofa-rekstur/viðhald,0,70096747,710999.0,118,271.397181,Veita_43002,2005/05/18 15:57:11+00,2019/05/07 10:51:27+00,0.3,,403.0,{B4CA41CA-9433-43B9-B6E4-96ADA8B29D51},Innfært,https://dmm.on.is/service/HandlerGatlistiOpinLeitEignaflokkur.ashx?Gatlisti=22553&OpinLeit=drst0432&Eignaflokkur=15440&Sleppa=0,356798.656,407491.434,0.0,,,,Vesturbær Götulýsing,,64.14028511,-21.94229245,,Vesturbær Götulýsing            ,,90181,5628,LQ93-3BFR-LED12W2.7K,LQ93-3BFR-LED12W2.7K,GMR Enlights,LED,12,,2700.0,,,,,,LQ93-3BFR 12W 2.7K,15042019,1011900.0,,,G,12,,,,,,,,,,,
1834606,Götuljós,17,27042,106,1996,Götuljósakort,Gatnamálastofa-rekstur/viðhald,0,70096747,1214362.0,117,90.0,Áætlað 2009 - Dreifing,1995/11/28 00:00:00+00,2019/05/07 09:55:27+00,0.0,,403.0,{4F289163-0617-46A4-A495-3C6F2F1222A8},Innfært,https://dmm.on.is/service/HandlerGatlistiOpinLeitEignaflokkur.ashx?Gatlisti=22553&OpinLeit=drst0106&Eignaflokkur=15440&Sleppa=0,356661.193,407635.732,0.0,,,,Vesturbær Götulýsing,,64.14152066,-21.94525078,,Vesturbær Götulýsing            ,,90152,5628,LQ93-3BFR-LED12W2.7K,LQ93-3BFR-LED12W2.7K,GMR Enlights,LED,12,,2700.0,,,,,,LQ93-3BFR 12W 2.7K,15042019,1011900.0,,,G,12,,,,,,,,,,,
1834748,Götuljós,18,66353,432,2005,Götuljósakort,Gatnamálastofa-rekstur/viðhald,0,70096747,710981.0,118,298.6639571,Veita_43002,2005/05/18 15:57:10+00,2019/05/07 10:51:27+00,0.3,,403.0,{47A9EE81-9A2E-4364-9A17-3A546348019C},Innfært,https://dmm.on.is/service/HandlerGatlistiOpinLeitEignaflokkur.ashx?Gatlisti=22553&OpinLeit=drst0432&Eignaflokkur=15440&Sleppa=0,356940.49,407377.385,0.0,,,,Vesturbær Götulýsing,,64.13932236,-21.93927358,,Vesturbær Götulýsing            ,,90175,5628,LQ93-3BFR-LED12W2.7K,LQ93-3BFR-LED12W2.7K,GMR Enlights,LED,12,,2700.0,,,,,,LQ93-3BFR 12W 2.7K,15042019,1011900.0,,,G,12,,,,,,,,,,,
1838794,Götuljós,6,66371,432,2005,Götuljósakort,Gatnamálastofa-rekstur/viðhald,0,80036974,710974.0,106,163.6104597,Veita_43002,2005/05/18 15:55:55+00,2006/03/16 15:28:53+00,0.3,,403.0,{7DF005FD-DACE-407D-BB07-94395D9DC0F6},Innfært,https://dmm.on.is/service/HandlerGatlistiOpinLeitEignaflokkur.ashx?Gatlisti=22553&OpinLeit=drst0432&Eignaflokkur=15440&Sleppa=0,357025.818,407399.276,0.0,,,,Vesturbær Götulýsing,,64.13955407,-21.93754385,,Vesturbær Götulýsing            ,,62314,1342,Siteco-NA150W,Siteco-NA150W,Siteco,,150,,2000.0,,,,,,ST100 Siteco 150W NA,1032006,,,,G,150,,,,,,,,,,,
1839676,Götuljós,6,66370,432,2005,Götuljósakort,Gatnamálastofa-rekstur/viðhald,0,80036974,710976.0,106,77.57405713,Veita_43002,2005/05/18 15:55:54+00,2006/03/16 15:28:45+00,0.3,,403.0,{F72876A2-C75B-4482-804D-0A2F8DB5424D},Innfært,https://dmm.on.is/service/HandlerGatlistiOpinLeitEignaflokkur.ashx?Gatlisti=22553&OpinLeit=drst0432&Eignaflokkur=15440&Sleppa=0,357005.189,407386.836,0.0,,,,Vesturbær Götulýsing,,64.13943401,-21.93795521,,Vesturbær Götulýsing            ,,62313,6404,SRL-LED83WV01+3.0K,SRL-LED83WV01+3.0K,Vizulo,LED,83,,3000.0,,3000.0,,,,Stork.LB G096V01+ZH-DIM10200lm,30032023,,,,G,83,,,,ZH,,,,,,,
1844424,Götuljós,18,66350,432,2005,Götuljósakort,Gatnamálastofa-rekstur/viðhald,0,70096747,711002.0,118,211.1389724,Veita_43002,2005/05/18 15:57:11+00,2019/05/07 10:51:27+00,0.3,,403.0,{4B618546-1F8F-4E15-8542-22017B50BF97},Innfært,https://dmm.on.is/service/HandlerGatlistiOpinLeitEignaflokkur.ashx?Gatlisti=22553&OpinLeit=drst0432&Eignaflokkur=15440&Sleppa=0,356830.644,407494.652,0.0,,,,Vesturbær Götulýsing,,64.14032729,-21.94163923,,Vesturbær Götulýsing            ,,90173,5628,LQ93-3BFR-LED12W2.7K,LQ93-3BFR-LED12W2.7K,GMR Enlights,LED,12,,2700.0,,,,,,LQ93-3BFR 12W 2.7K,15042019,1011900.0,,,G,12,,,,,,,,,,,
1844456,Götuljós,18,66354,432,2005,Götuljósakort,Gatnamálastofa-rekstur/viðhald,0,70096747,710998.0,118,259.8753283,Veita_43002,2005/05/18 15:57:10+00,2019/05/07 10:51:27+00,0.3,,403.0,{6A34F790-9554-486F-A692-2E50955D7EB5},Innfært,https://dmm.on.is/service/HandlerGatlistiOpinLeitEignaflokkur.ashx?Gatlisti=22553&OpinLeit=drst0432&Eignaflokkur=15440&Sleppa=0,356916.333,407371.968,0.0,,,,Vesturbær Götulýsing,,64.13926375,-21.93976401,,Vesturbær Götulýsing            ,,90176,5628,LQ93-3BFR-LED12W2.7K,LQ93-3BFR-LED12W2.7K,GMR Enlights,LED,12,,2700.0,,,,,,LQ93-3BFR 12W 2.7K,15042019,1011900.0,,,G,12,,,,,,,,,,,
1845986,Götuljós,18,66356,432,2005,Götuljósakort,Gatnamálastofa-rekstur/viðhald,0,70096747,711003.0,118,211.1389724,Veita_43002,2005/05/18 15:57:10+00,2019/05/07 10:51:27+00,0.3,,403.0,{0FF89ED8-B469-49FC-A1A6-965839674FC5},Innfært,https://dmm.on.is/service/HandlerGatlistiOpinLeitEignaflokkur.ashx?Gatlisti=22553&OpinLeit=drst0432&Eignaflokkur=15440&Sleppa=0,356864.206,407426.915,0.0,,,,Vesturbær Götulýsing,,64.13973435,-21.94088594,,Vesturbær Götulýsing            ,,90178,5628,LQ93-3BFR-LED12W2.7K,LQ93-3BFR-LED12W2.7K,GMR Enlights,LED,12,,2700.0,,,,,,LQ93-3BFR 12W 2.7K,15042019,1011900.0,,,G,12,,,,,,,,,,,
1846373,Götuljós,17,27044,106,2005,Götuljósakort,Gatnamálastofa-rekstur/viðhald,0,70096747,1214367.0,117,90.0,Áætlað 2009 - Dreifing,1995/11/28 00:00:00+00,2019/05/07 09:55:27+00,0.0,,403.0,{98E0FC82-BE0D-44CE-8892-817D5B800631},Innfært,https://dmm.on.is/service/HandlerGatlistiOpinLeitEignaflokkur.ashx?Gatlisti=22553&OpinLeit=drst0106&Eignaflokkur=15440&Sleppa=0,356728.212,407606.799,0.0,,,,Vesturbær Götulýsing,,64.14128941,-21.94384804,,Vesturbær Götulýsing            ,,90154,5628,LQ93-3BFR-LED12W2.7K,LQ93-3BFR-LED12W2.7K,GMR Enlights,LED,12,,2700.0,,,,,,LQ93-3BFR 12W 2.7K,15042019,1011900.0,,,G,12,,,,,,,,,,,
1846374,Götuljós,17,27045,106,2005,Götuljósakort,Gatnamálastofa-rekstur/viðhald,0,70096747,1214364.0,117,72.23609352,Áætlað 2009 - Dreifing,1995/11/28 00:00:00+00,2019/05/07 09:55:27+00,0.0,,403.0,{802FA88A-224D-492E-9E50-05DA694A351F},Innfært,https://dmm.on.is/service/HandlerGatlistiOpinLeitEignaflokkur.ashx?Gatlisti=22553&OpinLeit=drst0106&Eignaflokkur=15440&Sleppa=0,356761.661,407592.266,0.0,,,,Vesturbær Götulýsing,,64.14117315,-21.94314785,,Vesturbær Götulýsing            ,,90155,5628,LQ93-3BFR-LED12W2.7K,LQ93-3BFR-LED12W2.7K,GMR Enlights,LED,12,,2700.0,,,,,,LQ93-3BFR 12W 2.7K,15042019,1011900.0,,,G,12,,,,,,,,,,,
1852007,Götuljós,17,27046,106,1995,Götuljósakort,Gatnamálastofa-rekstur/viðhald,0,70096747,1214365.0,117,90.0,Veita_43002,1995/11/28 00:00:00+00,2019/05/07 09:55:27+00,0.0,,403.0,{9390ECCD-4FE2-4EC3-93C1-8086AF83B4A8},Innfært,https://dmm.on.is/service/HandlerGatlistiOpinLeitEignaflokkur.ashx?Gatlisti=22553&OpinLeit=drst0106&Eignaflokkur=15440&Sleppa=0,356797.05,407583.155,0.0,,,,Vesturbær Götulýsing,,64.14110629,-21.94241305,,Vesturbær Götulýsing            ,,90156,5628,LQ93-3BFR-LED12W2.7K,LQ93-3BFR-LED12W2.7K,GMR Enlights,LED,12,,2700.0,,,,,,LQ93-3BFR 12W 2.7K,15042019,1011900.0,,,G,12,,,,,,,,,,,
1852805,Götuljós,17,27049,106,2005,Götuljósakort,Gatnamálastofa-rekstur/viðhald,0,70096747,1214366.0,117,83.455585,Áætlað 2009 - Dreifing,1995/11/28 00:00:00+00,2019/05/07 09:55:27+00,0.0,,403.0,{11F01A76-46C6-4DBF-91A8-AB82FA551772},Innfært,https://dmm.on.is/service/HandlerGatlistiOpinLeitEignaflokkur.ashx?Gatlisti=22553&OpinLeit=drst0106&Eignaflokkur=15440&Sleppa=0,356914.388,407562.402,0.0,,,,Vesturbær Götulýsing,,64.14096929,-21.93998575,,Vesturbær Götulýsing            ,,90159,5628,LQ93-3BFR-LED12W2.7K,LQ93-3BFR-LED12W2.7K,GMR Enlights,LED,12,,2700.0,,,,,,LQ93-3BFR 12W 2.7K,15042019,1011900.0,,,G,12,,,,,,,,,,,
1854145,Götuljós,17,77291,106,2014,Götuljósakort,Reykjavíkurborg - eignasjóður,0,70096747,1214358.0,116,,,2014/05/06 14:22:41+00,2022/08/22 19:47:13+00,,,403.0,{EB930858-0C06-4D6A-B89D-9D34888D418C},Innfært,https://dmm.on.is/service/HandlerGatlistiOpinLeitEignaflokkur.ashx?Gatlisti=22553&OpinLeit=drst0106&Eignaflokkur=15440&Sleppa=0,356950.6669,407541.3364,0.0,74889.0,,,Vesturbær Götulýsing,,64.14079566,-21.93922129,,Vesturbær Götulýsing            ,,90161,5628,LQ93-3BFR-LED12W2.7K,LQ93-3BFR-LED12W2.7K,GMR Enlights,LED,12,,2700.0,,,,,,LQ93-3BFR 12W 2.7K,15042019,1011900.0,,,G,12,,,,,,,,,,,
1854426,Götuljós,6,26969,74,1994,Götuljósakort,Reykjavíkurborg - eignasjóður,0,,0.0,106,76.18918896,Veita_43001,1994/03/11 00:00:00+00,2022/08/18 13:07:55+00,0.3,,403.0,{3A68D5C5-8CC0-4EDF-A595-2FDE322D2D8E},Innfært,https://dmm.on.is/service/HandlerGatlistiOpinLeitEignaflokkur.ashx?Gatlisti=22553&OpinLeit=drst0074&Eignaflokkur=15440&Sleppa=0,356866.011,407776.476,0.0,16729.0,,,Miðbær Götulýsing,,64.14286728,-21.94118282,,Miðbær Götulýsing               ,,28679,7442,SRL-LED90WV22 3.0K,SRL-LED90WV22 3.0K,Vizulo,LED,90,,3000.0,,3000.0,,,,Stork.LB G064V22 ZH-DIM,30012023,,,,G,90,,,,ZH,,,,,,,
1854638,Götuljós,4,37726,45,2001,Götuljósakort,Reykjavíkurborg - eignasjóður,0,5450,52950.0,104,19.14813995,Veita_43002,2002/10/25 00:00:00+00,2022/09/02 13:56:20+00,0.3,,403.0,{9612A6F0-D58C-48EF-9FF0-258A553AE7E3},Innfært,https://dmm.on.is/service/HandlerGatlistiOpinLeitEignaflokkur.ashx?Gatlisti=22553&OpinLeit=drst0045&Eignaflokkur=15440&Sleppa=0,356991.432,407463.922,0.0,32853.0,2.0,,Vesturbær Götulýsing,,64.14011899,-21.93831102,,Vesturbær Götulýsing            ,,42660,286,Streetus-NA100W,Streetus-NA100W,Thorn,,100,,2000.0,,,,,,Thorn Streetus 7440c 100W NA,1092001,,,,G,100,,,,,,,,,,,
1854640,Götuljós,4,37732,45,2001,Götuljósakort,Reykjavíkurborg - eignasjóður,0,5450,53042.0,104,193.6611404,Veita_43002,2002/10/25 00:00:00+00,2022/09/02 13:56:20+00,0.0,,403.0,{84F1A812-0364-4FD6-B58F-2538673C98C3},Innfært,https://dmm.on.is/service/HandlerGatlistiOpinLeitEignaflokkur.ashx?Gatlisti=22553&OpinLeit=drst0045&Eignaflokkur=15440&Sleppa=0,356993.248,407510.839,0.0,32853.0,2.0,,Vesturbær Götulýsing,,64.14054014,-21.93831853,,Vesturbær Götulýsing            ,,42666,286,Streetus-NA100W,Streetus-NA100W,Thorn,,100,,2000.0,,,,,,Thorn Streetus 7440c 100W NA,1092001,,,,G,100,,,,,,,,,,,
1854666,Götuljós,99,31636,45,1998,Götuljósakort,Reykjavíkurborg - eignasjóður,0,1-3704,20250.0,199,90.0,Veita_43002,1999/02/23 00:00:00+00,2022/09/02 13:58:25+00,10.0,,403.0,{3AB341DF-A55E-4434-8AA6-0BE1500FB501},Innfært,https://dmm.on.is/service/HandlerGatlistiOpinLeitEignaflokkur.ashx?Gatlisti=22553&OpinLeit=drst0045&Eignaflokkur=15440&Sleppa=0,357042.472,407449.621,0.0,32853.0,2.0,,Vesturbær Götulýsing,,64.14001212,-21.9372502,,Vesturbær Götulýsing            ,,35733,26,Jernkost7378-K125W,Jernkost7378-K125W,Jernkonst AB,K,125,,4200.0,,,,,,Jernkost 7378 Ömmuljós 125W K,1091998,,,,G,125,,,,,,,,,,,
1854670,Götuljós,99,1927,45,1969,Götuljósakort,Reykjavíkurborg - eignasjóður,0,,0.0,199,90.0,Veita_43002,1995/12/31 00:00:00+00,2022/09/02 13:57:40+00,10.0,,403.0,{71915E9B-394A-4933-A04C-568B60768B81},Innfært,https://dmm.on.is/service/HandlerGatlistiOpinLeitEignaflokkur.ashx?Gatlisti=22553&OpinLeit=drst0045&Eignaflokkur=15440&Sleppa=0,357105.341,407418.528,0.0,32853.0,3.0,,Vesturbær Götulýsing,,64.1397597,-21.93593068,,Vesturbær Götulýsing            ,,1999,42,AEC Uno-NA100W,AEC Uno-NA100W,AEC,,100,,2000.0,,,,,,AEC Uno 100W NAH-T,1071993,,,,G,100,,,,,,,,,,,
1854708,Götuljós,99,31621,45,1998,Götuljósakort,Reykjavíkurborg - eignasjóður,0,1-3704,20255.0,199,90.0,Veita_43002,1999/02/23 00:00:00+00,2022/09/02 13:54:28+00,0.0,,403.0,{A81AE650-58B6-41AC-B97F-CF10EEA0F171},Innfært,https://dmm.on.is/service/HandlerGatlistiOpinLeitEignaflokkur.ashx?Gatlisti=22553&OpinLeit=drst0045&Eignaflokkur=15440&Sleppa=0,356979.095,407750.344,0.0,32853.0,2.0,,Vesturbær Götulýsing,,64.14268029,-21.93883752,,Vesturbær Götulýsing            ,,35718,26,Jernkost7378-K125W,Jernkost7378-K125W,Jernkonst AB,K,125,,4200.0,,,,,,Jernkost 7378 Ömmuljós 125W K,1091998,,,,G,125,,,,,,,,,,,
1854709,Götuljós,99,31623,45,1998,Götuljósakort,Reykjavíkurborg - eignasjóður,0,1-3704,20257.0,199,90.0,Veita_43002,1999/02/23 00:00:00+00,2022/09/02 13:54:28+00,0.0,,403.0,{E7853F0F-9E7A-4B8A-9F61-E18430C5526D},Innfært,https://dmm.on.is/service/HandlerGatlistiOpinLeitEignaflokkur.ashx?Gatlisti=22553&OpinLeit=drst0045&Eignaflokkur=15440&Sleppa=0,356980.244,407713.088,0.0,32853.0,2.0,,Vesturbær Götulýsing,,64.14234694,-21.93877838,,Vesturbær Götulýsing            ,,35720,26,Jernkost7378-K125W,Jernkost7378-K125W,Jernkonst AB,K,125,,4200.0,,,,,,Jernkost 7378 Ömmuljós 125W K,1091998,,,,G,125,,,,,,,,,,,
1854710,Götuljós,99,1876,45,1969,Götuljósakort,Reykjavíkurborg - eignasjóður,0,,0.0,199,90.0,Veita_43002,1995/12/31 00:00:00+00,2022/09/02 13:57:40+00,10.0,,403.0,{CF7176BD-960D-4DF2-8EF9-26981634F057},Innfært,https://dmm.on.is/service/HandlerGatlistiOpinLeitEignaflokkur.ashx?Gatlisti=22553&OpinLeit=drst0045&Eignaflokkur=15440&Sleppa=0,357030.378,407396.972,0.0,32853.0,3.0,,Vesturbær Götulýsing,,64.13953533,-21.9374481,,Vesturbær Götulýsing            ,,1948,42,AEC Uno-NA100W,AEC Uno-NA100W,AEC,,100,,2000.0,,,,,,AEC Uno 100W NAH-T,1071993,,,,G,100,,,,,,,,,,,
1854716,Götuljós,99,31634,45,1998,Götuljósakort,Reykjavíkurborg - eignasjóður,0,1-3704,20252.0,199,90.0,Veita_43002,1999/02/23 00:00:00+00,2022/09/02 13:58:25+00,10.0,,403.0,{DD7015BC-9750-4742-AB7A-E1FD6671029E},Innfært,https://dmm.on.is/service/HandlerGatlistiOpinLeitEignaflokkur.ashx?Gatlisti=22553&OpinLeit=drst0045&Eignaflokkur=15440&Sleppa=0,357030.162,407497.206,0.0,32853.0,2.0,,Vesturbær Götulýsing,,64.14043337,-21.93754816,,Vesturbær Götulýsing            ,,35731,26,Jernkost7378-K125W,Jernkost7378-K125W,Jernkonst AB,K,125,,4200.0,,,,,,Jernkost 7378 Ömmuljós 125W K,1091998,,,,G,125,,,,,,,,,,,
1854789,Götuljós,4,37719,45,2001,Götuljósakort,Reykjavíkurborg - eignasjóður,0,5450,52932.0,104,19.14813995,Veita_43002,2002/10/25 00:00:00+00,2022/09/02 13:55:24+00,0.0,,403.0,{C9942472-D1A2-4CEF-A50F-DCA61F01020A},Innfært,https://dmm.on.is/service/HandlerGatlistiOpinLeitEignaflokkur.ashx?Gatlisti=22553&OpinLeit=drst0045&Eignaflokkur=15440&Sleppa=0,356932.713,407665.546,0.0,32853.0,2.0,,Vesturbær Götulýsing,,64.14190113,-21.93970825,,Vesturbær Götulýsing            ,,42653,286,Streetus-NA100W,Streetus-NA100W,Thorn,,100,,2000.0,,,,,,Thorn Streetus 7440c 100W NA,1092001,,,,G,100,,,,,,,,,,,
1854858,Götuljós,4,37718,45,2001,Götuljósakort,Reykjavíkurborg - eignasjóður,0,5450,52931.0,104,19.14813995,Veita_43002,2002/10/25 00:00:00+00,2022/09/02 13:55:24+00,0.0,,403.0,{5E147C1E-C535-4EB3-81BF-12674D524DFF},Innfært,https://dmm.on.is/service/HandlerGatlistiOpinLeitEignaflokkur.ashx?Gatlisti=22553&OpinLeit=drst0045&Eignaflokkur=15440&Sleppa=0,356924.325,407694.35,0.0,32853.0,2.0,,Vesturbær Götulýsing,,64.14215573,-21.93990786,,Vesturbær Götulýsing            ,,42652,286,Streetus-NA100W,Streetus-NA100W,Thorn,,100,,2000.0,,,,,,Thorn Streetus 7440c 100W NA,1092001,,,,G,100,,,,,,,,,,,
1854859,Götuljós,5,1860,45,2020,Götuljósakort,Reykjavíkurborg - eignasjóður,0,70002983,1563904.0,104,107.1419368,Áætlað 2009 - Dreifing,1997/10/17 00:00:00+00,2022/09/02 14:12:52+00,0.0,,403.0,{7A2D2BDC-C32B-4D90-85FE-F95C553351A7},Innfært,https://dmm.on.is/service/HandlerGatlistiOpinLeitEignaflokkur.ashx?Gatlisti=22553&OpinLeit=drst0045&Eignaflokkur=15440&Sleppa=0,357006.2306,407561.2334,0.0,32853.0,4.0,,Vesturbær Götulýsing,,64.1409971,-21.93810026,,Vesturbær Götulýsing            ,,1932,6404,SRL-LED83WV01+3.0K,SRL-LED83WV01+3.0K,Vizulo,LED,83,,3000.0,,3000.0,,,,Stork.LB G096V01+ZH-DIM10200lm,3042023,,,,G,83,,,,ZH,,,,,,,
1854860,Götuljós,99,1862,45,1977,Götuljósakort,Reykjavíkurborg - eignasjóður,0,,0.0,199,90.0,Áætlað 2009 - Dreifing,1997/10/17 00:00:00+00,2022/09/02 14:12:52+00,10.0,,403.0,{3D84C9B2-AD71-4D86-8179-3201F7C82F87},Innfært,https://dmm.on.is/service/HandlerGatlistiOpinLeitEignaflokkur.ashx?Gatlisti=22553&OpinLeit=drst0045&Eignaflokkur=15440&Sleppa=0,357056.74,407573.167,0.0,32853.0,4.0,,Vesturbær Götulýsing,,64.14112508,-21.93707531,,Vesturbær Götulýsing            ,,1934,6404,SRL-LED83WV01+3.0K,SRL-LED83WV01+3.0K,Vizulo,LED,83,,3000.0,,3000.0,,,,Stork.LB G096V01+ZH-DIM10200lm,3042023,,,,G,83,,,,ZH,,,,,,,
1854861,Götuljós,99,1859,45,1977,Götuljósakort,Reykjavíkurborg - eignasjóður,0,23005675,1562180.0,199,90.0,Áætlað 2009 - Dreifing,1997/10/17 00:00:00+00,2022/09/02 14:12:52+00,0.0,,403.0,{8FE1824A-E00F-4CD8-807E-E73A3853FF01},Innfært,https://dmm.on.is/service/HandlerGatlistiOpinLeitEignaflokkur.ashx?Gatlisti=22553&OpinLeit=drst0045&Eignaflokkur=15440&Sleppa=0,356982.5918,407555.6315,0.0,32853.0,4.0,,Vesturbær Götulýsing,,64.14093705,-21.93857992,,Vesturbær Götulýsing            ,,1931,6404,SRL-LED83WV01+3.0K,SRL-LED83WV01+3.0K,Vizulo,LED,83,,3000.0,,3000.0,,,,Stork.LB G096V01+ZH-DIM10200lm,3042023,,,,G,83,,,,ZH,,,,,,,
1854862,Götuljós,99,1831,45,1960,Götuljósakort,Reykjavíkurborg - eignasjóður,0,,0.0,199,90.0,Áætlað 2009 - Dreifing,1997/11/20 00:00:00+00,2022/09/02 14:12:52+00,10.0,,403.0,{D73D0DC3-4132-4E05-9FE4-CD25AE576978},Innfært,https://dmm.on.is/service/HandlerGatlistiOpinLeitEignaflokkur.ashx?Gatlisti=22553&OpinLeit=drst0045&Eignaflokkur=15440&Sleppa=0,357119.399,407507.921,0.0,32853.0,4.0,,Vesturbær Götulýsing,,64.14056655,-21.93572749,,Vesturbær Götulýsing            ,,1903,6403,SRL-LED49WL66+L90 3.0K,SRL-LED49WL66+L90 3.0K,Vizulo,LED,49,,3000.0,,3000.0,,,,Stork.LB B048L66+L90 ZH-DIM5920lm,16032023,,,,G,49,,,,ZH,,,,,,,
1854884,Götuljós,4,37729,45,2001,Götuljósakort,Reykjavíkurborg - eignasjóður,0,5450,53051.0,104,193.6611404,Veita_43002,2002/10/25 00:00:00+00,2022/09/02 13:56:20+00,0.3,,403.0,{6FC0B8F4-49E2-47A3-9DCE-F29350310D21},Innfært,https://dmm.on.is/service/HandlerGatlistiOpinLeitEignaflokkur.ashx?Gatlisti=22553&OpinLeit=drst0045&Eignaflokkur=15440&Sleppa=0,357018.411,407424.429,0.0,32853.0,2.0,,Vesturbær Götulýsing,,64.13977636,-21.93771981,,Vesturbær Götulýsing            ,,42663,286,Streetus-NA100W,Streetus-NA100W,Thorn,,100,,2000.0,,,,,,Thorn Streetus 7440c 100W NA,1092001,,,,G,100,,,,,,,,,,,
1854885,Götuljós,4,37733,45,2001,Götuljósakort,Reykjavíkurborg - eignasjóður,0,5450,53043.0,104,193.6611404,Veita_43002,2002/10/25 00:00:00+00,2022/09/02 13:56:20+00,0.0,,403.0,{616CEDEF-776F-41B0-BAFB-BC3FC3D20131},Innfært,https://dmm.on.is/service/HandlerGatlistiOpinLeitEignaflokkur.ashx?Gatlisti=22553&OpinLeit=drst0045&Eignaflokkur=15440&Sleppa=0,356984.823,407539.632,0.0,32853.0,2.0,,Vesturbær Götulýsing,,64.14079462,-21.93851887,,Vesturbær Götulýsing            ,,42667,286,Streetus-NA100W,Streetus-NA100W,Thorn,,100,,2000.0,,,,,,Thorn Streetus 7440c 100W NA,1092001,,,,G,100,,,,,,,,,,,
1854886,Götuljós,4,37740,45,2001,Götuljósakort,Reykjavíkurborg - eignasjóður,0,5450,53050.0,104,193.6611404,Veita_43002,2002/10/25 00:00:00+00,2022/09/02 13:55:24+00,0.0,,403.0,{7A90D5BE-65BA-4CC1-9456-C7DFC11CE7F4},Innfært,https://dmm.on.is/service/HandlerGatlistiOpinLeitEignaflokkur.ashx?Gatlisti=22553&OpinLeit=drst0045&Eignaflokkur=15440&Sleppa=0,356925.911,407741.198,0.0,32853.0,2.0,,Vesturbær Götulýsing,,64.14257616,-21.93992005,,Vesturbær Götulýsing            ,,42674,286,Streetus-NA100W,Streetus-NA100W,Thorn,,100,,2000.0,,,,,,Thorn Streetus 7440c 100W NA,1092001,,,,G,100,,,,,,,,,,,
1854887,Götuljós,99,1841,45,1969,Götuljósakort,Reykjavíkurborg - eignasjóður,0,,0.0,199,90.0,Veita_43002,1995/12/31 00:00:00+00,2022/09/02 14:12:52+00,10.0,,403.0,{2E6BD422-5647-49D9-BCF7-74C69501DBE0},Innfært,https://dmm.on.is/service/HandlerGatlistiOpinLeitEignaflokkur.ashx?Gatlisti=22553&OpinLeit=drst0045&Eignaflokkur=15440&Sleppa=0,357282.972,407304.529,0.0,32853.0,4.0,,Vesturbær Götulýsing,,64.13881215,-21.93217773,,Vesturbær Götulýsing            ,,1913,6403,SRL-LED49WL66+L90 3.0K,SRL-LED49WL66+L90 3.0K,Vizulo,LED,49,,3000.0,,3000.0,,,,Stork.LB B048L66+L90 ZH-DIM5920lm,20032023,,,,G,49,,,,ZH,,,,,,,
1854890,Götuljós,99,31630,45,1998,Götuljósakort,Reykjavíkurborg - eignasjóður,0,1-3704,20263.0,199,90.0,Veita_43002,1999/02/23 00:00:00+00,2022/09/02 13:54:28+00,10.0,,403.0,{C8C8E4F2-3BFB-4568-8F43-76FCDBCF36AE},Innfært,https://dmm.on.is/service/HandlerGatlistiOpinLeitEignaflokkur.ashx?Gatlisti=22553&OpinLeit=drst0045&Eignaflokkur=15440&Sleppa=0,357010.701,407575.831,0.0,32853.0,2.0,,Vesturbær Götulýsing,,64.14112976,-21.93802247,,Vesturbær Götulýsing            ,,35727,26,Jernkost7378-K125W,Jernkost7378-K125W,Jernkonst AB,K,125,,4200.0,,,,,,Jernkost 7378 Ömmuljós 125W K,1091998,,,,G,125,,,,,,,,,,,
1854964,Götuljós,4,37725,45,2001,Götuljósakort,Reykjavíkurborg - eignasjóður,0,5450,52949.0,104,19.14813995,Veita_43002,2002/10/25 00:00:00+00,2022/09/02 13:56:20+00,0.3,,403.0,{45A7FE2F-8A7A-469A-B2DD-05924BF55829},Innfært,https://dmm.on.is/service/HandlerGatlistiOpinLeitEignaflokkur.ashx?Gatlisti=22553&OpinLeit=drst0045&Eignaflokkur=15440&Sleppa=0,356983.043,407492.726,0.0,32853.0,2.0,,Vesturbær Götulýsing,,64.14037359,-21.93851062,,Vesturbær Götulýsing            ,,42659,286,Streetus-NA100W,Streetus-NA100W,Thorn,,100,,2000.0,,,,,,Thorn Streetus 7440c 100W NA,1092001,,,,G,100,,,,,,,,,,,
1854968,Götuljós,99,27074,45,1993,Götuljósakort,Reykjavíkurborg - eignasjóður,0,70093170,43918.0,199,90.0,Áætlað 2009 - Dreifing,2001/03/27 00:00:00+00,2022/09/02 13:57:03+00,10.0,,403.0,{CC045334-0613-4205-AA62-1C5DD5AC797C},Innfært,https://dmm.on.is/service/HandlerGatlistiOpinLeitEignaflokkur.ashx?Gatlisti=22553&OpinLeit=drst0045&Eignaflokkur=15440&Sleppa=0,357026.306,407422.4,0.0,32853.0,1.0,,Vesturbær Götulýsing,,64.13976147,-21.9375559,,Vesturbær Götulýsing            ,,28790,13,Philips-NA150W,Philips-NA150W,Philips,,150,,2000.0,,,,,,Philips 150W NA,6041995,,,,G,150,,,,,,,,,,,
1855010,Götuljós,4,37736,45,2001,Götuljósakort,Reykjavíkurborg - eignasjóður,0,5450,53046.0,104,193.6611404,Veita_43002,2002/10/25 00:00:00+00,2022/09/02 13:55:24+00,0.0,,403.0,{717A7B7A-62CD-4AC3-B6C9-E68BF51153FE},Innfært,https://dmm.on.is/service/HandlerGatlistiOpinLeitEignaflokkur.ashx?Gatlisti=22553&OpinLeit=drst0045&Eignaflokkur=15440&Sleppa=0,356959.559,407626.012,0.0,32853.0,2.0,,Vesturbær Götulýsing,,64.14155809,-21.93911968,,Vesturbær Götulýsing            ,,42670,286,Streetus-NA100W,Streetus-NA100W,Thorn,,100,,2000.0,,,,,,Thorn Streetus 7440c 100W NA,1092001,,,,G,100,,,,,,,,,,,
1855011,Götuljós,99,1930,45,1969,Götuljósakort,Reykjavíkurborg - eignasjóður,0,,0.0,199,90.0,Veita_43002,1995/12/31 00:00:00+00,2022/09/02 13:57:40+00,10.0,,403.0,{DFE0B9B9-AE91-4DEF-8FA8-3D6695D04BB1},Innfært,https://dmm.on.is/service/HandlerGatlistiOpinLeitEignaflokkur.ashx?Gatlisti=22553&OpinLeit=drst0045&Eignaflokkur=15440&Sleppa=0,357193.783,407321.075,0.0,32853.0,3.0,,Vesturbær Götulýsing,,64.13892331,-21.93402329,,Vesturbær Götulýsing            ,,2002,42,AEC Uno-NA100W,AEC Uno-NA100W,AEC,,100,,2000.0,,,,,,AEC Uno 100W NAH-T,1071993,,,,G,100,,,,,,,,,,,
1855041,Götuljós,99,1836,45,1969,Götuljósakort,Reykjavíkurborg - eignasjóður,0,,0.0,199,90.0,Veita_43002,1995/12/31 00:00:00+00,2022/09/02 14:12:52+00,10.0,,403.0,{C761EB27-F711-4CE1-8FF1-8F9CC5A225F4},Innfært,https://dmm.on.is/service/HandlerGatlistiOpinLeitEignaflokkur.ashx?Gatlisti=22553&OpinLeit=drst0045&Eignaflokkur=15440&Sleppa=0,357200.783,407405.892,0.0,32853.0,4.0,,Vesturbær Götulýsing,,64.13968621,-21.93396049,,Vesturbær Götulýsing            ,,1908,6403,SRL-LED49WL66+L90 3.0K,SRL-LED49WL66+L90 3.0K,Vizulo,LED,49,,3000.0,,3000.0,,,,Stork.LB B048L66+L90 ZH-DIM5920lm,20032023,,,,G,49,,,,ZH,,,,,,,
1855042,Götuljós,4,37731,45,2001,Götuljósakort,Reykjavíkurborg - eignasjóður,0,5450,53041.0,104,193.6611404,Veita_43002,2002/10/25 00:00:00+00,2022/09/02 13:56:20+00,0.3,,403.0,{16ECD4AA-2ADE-4596-963C-D68A466EEC9D},Innfært,https://dmm.on.is/service/HandlerGatlistiOpinLeitEignaflokkur.ashx?Gatlisti=22553&OpinLeit=drst0045&Eignaflokkur=15440&Sleppa=0,357001.673,407482.047,0.0,32853.0,2.0,,Vesturbær Götulýsing,,64.14028567,-21.9381182,,Vesturbær Götulýsing            ,,42665,286,Streetus-NA100W,Streetus-NA100W,Thorn,,100,,2000.0,,,,,,Thorn Streetus 7440c 100W NA,1092001,,,,G,100,,,,,,,,,,,
1855102,Götuljós,99,31626,45,1998,Götuljósakort,Reykjavíkurborg - eignasjóður,0,1-3704,20259.0,199,90.0,Veita_43002,1999/02/23 00:00:00+00,2022/09/02 13:54:28+00,0.0,,403.0,{392C20AD-BB97-4EAB-9949-F3F982984A11},Innfært,https://dmm.on.is/service/HandlerGatlistiOpinLeitEignaflokkur.ashx?Gatlisti=22553&OpinLeit=drst0045&Eignaflokkur=15440&Sleppa=0,356987.182,407656.801,0.0,32853.0,2.0,,Vesturbær Götulýsing,,64.14184548,-21.9385823,,Vesturbær Götulýsing            ,,35723,26,Jernkost7378-K125W,Jernkost7378-K125W,Jernkonst AB,K,125,,4200.0,,,,,,Jernkost 7378 Ömmuljós 125W K,1091998,,,,G,125,,,,,,,,,,,
1855145,Götuljós,99,31625,45,1998,Götuljósakort,Reykjavíkurborg - eignasjóður,0,1-3704,20258.0,199,90.0,Veita_43002,1999/02/23 00:00:00+00,2022/09/02 13:54:28+00,0.0,,403.0,{9A32926E-419A-40C3-AF03-793080FB5794},Innfært,https://dmm.on.is/service/HandlerGatlistiOpinLeitEignaflokkur.ashx?Gatlisti=22553&OpinLeit=drst0045&Eignaflokkur=15440&Sleppa=0,356982.379,407674.763,0.0,32853.0,2.0,,Vesturbær Götulýsing,,64.14200442,-21.93869799,,Vesturbær Götulýsing            ,,35722,26,Jernkost7378-K125W,Jernkost7378-K125W,Jernkonst AB,K,125,,4200.0,,,,,,Jernkost 7378 Ömmuljós 125W K,1091998,,,,G,125,,,,,,,,,,,
1855380,Götuljós,99,1826,45,1983,Götuljósakort,Reykjavíkurborg - eignasjóður,0,,0.0,199,90.0,Veita_43002,1997/11/20 00:00:00+00,2022/09/02 14:12:52+00,0.0,,403.0,{B5DC12FA-E527-4AAA-B688-49AE3553ADDB},Innfært,https://dmm.on.is/service/HandlerGatlistiOpinLeitEignaflokkur.ashx?Gatlisti=22553&OpinLeit=drst0045&Eignaflokkur=15440&Sleppa=0,357061.643,407617.345,0.0,32853.0,4.0,,Vesturbær Götulýsing,,64.14152297,-21.93701686,,Vesturbær Götulýsing            ,,1898,6403,SRL-LED49WL66+L90 3.0K,SRL-LED49WL66+L90 3.0K,Vizulo,LED,49,,3000.0,,3000.0,,,,Stork.LB B048L66+L90 ZH-DIM5920lm,16032023,,,,G,49,,,,ZH,,,,,,,
1855578,Götuljós,99,1861,45,1977,Götuljósakort,Reykjavíkurborg - eignasjóður,0,,0.0,199,90.0,Áætlað 2009 - Dreifing,1997/10/17 00:00:00+00,2022/09/02 14:12:52+00,10.0,,403.0,{93242335-02D2-4A4B-B66F-1099BC88AB4A},Innfært,https://dmm.on.is/service/HandlerGatlistiOpinLeitEignaflokkur.ashx?Gatlisti=22553&OpinLeit=drst0045&Eignaflokkur=15440&Sleppa=0,357031.469,407566.982,0.0,32853.0,4.0,,Vesturbær Götulýsing,,64.14105913,-21.93758791,,Vesturbær Götulýsing            ,,1933,6404,SRL-LED83WV01+3.0K,SRL-LED83WV01+3.0K,Vizulo,LED,83,,3000.0,,3000.0,,,,Stork.LB G096V01+ZH-DIM10200lm,3042023,,,,G,83,,,,ZH,,,,,,,
1855579,Götuljós,89,1830,45,2021,Götuljósakort,Reykjavíkurborg - eignasjóður,0,40000707,0.0,199,90.0,Áætlað 2009 - Dreifing,1997/11/20 00:00:00+00,2022/09/02 14:12:52+00,10.0,,403.0,{AE548768-8E40-4057-9810-BA4FAF8FA496},Innfært,https://dmm.on.is/service/HandlerGatlistiOpinLeitEignaflokkur.ashx?Gatlisti=22553&OpinLeit=drst0045&Eignaflokkur=15440&Sleppa=0,357103.56,407527.496,0.0,32853.0,4.0,,Vesturbær Götulýsing,,64.14073535,-21.93607113,,Vesturbær Götulýsing            ,,1902,6403,SRL-LED49WL66+L90 3.0K,SRL-LED49WL66+L90 3.0K,Vizulo,LED,49,,3000.0,,3000.0,,,,Stork.LB B048L66+L90 ZH-DIM5920lm,16032023,,,,G,49,,,,ZH,,,,,,,
1855609,Götuljós,99,1821,45,1977,Götuljósakort,Reykjavíkurborg - eignasjóður,0,,0.0,199,90.0,Áætlað 2009 - Dreifing,1997/11/20 00:00:00+00,2022/09/02 14:12:52+00,10.0,,403.0,{4F488424-F33F-4BC5-931C-60DFA3FA2EB3},Innfært,https://dmm.on.is/service/HandlerGatlistiOpinLeitEignaflokkur.ashx?Gatlisti=22553&OpinLeit=drst0045&Eignaflokkur=15440&Sleppa=0,357038.1423,407753.1443,0.0,32853.0,4.0,,Vesturbær Götulýsing,,64.14272999,-21.93762861,,Vesturbær Götulýsing            ,,1893,6403,SRL-LED49WL66+L90 3.0K,SRL-LED49WL66+L90 3.0K,Vizulo,LED,49,,3000.0,,3000.0,,,,Stork.LB B048L66+L90 ZH-DIM5920lm,16032023,,,,G,49,,,,ZH,,,,,,,
1855610,Götuljós,99,1823,45,1996,Götuljósakort,Reykjavíkurborg - eignasjóður,0,,0.0,199,90.0,Áætlað 2009 - Dreifing,1997/11/20 00:00:00+00,2022/09/02 14:12:52+00,10.0,,403.0,{442237CE-386C-44F9-87C6-0B4B54624914},Innfært,https://dmm.on.is/service/HandlerGatlistiOpinLeitEignaflokkur.ashx?Gatlisti=22553&OpinLeit=drst0045&Eignaflokkur=15440&Sleppa=0,357043.738,407696.343,0.0,32853.0,4.0,,Vesturbær Götulýsing,,64.14222336,-21.9374596,,Vesturbær Götulýsing            ,,1895,6403,SRL-LED49WL66+L90 3.0K,SRL-LED49WL66+L90 3.0K,Vizulo,LED,49,,3000.0,,3000.0,,,,Stork.LB B048L66+L90 ZH-DIM5920lm,16032023,,,,G,49,,,,ZH,,,,,,,
1855611,Götuljós,99,1828,45,1977,Götuljósakort,Reykjavíkurborg - eignasjóður,0,,0.0,199,90.0,Áætlað 2009 - Dreifing,1997/11/20 00:00:00+00,2022/09/02 14:12:52+00,10.0,,403.0,{40005E68-780B-4FB3-8425-D51AF56B244D},Innfært,https://dmm.on.is/service/HandlerGatlistiOpinLeitEignaflokkur.ashx?Gatlisti=22553&OpinLeit=drst0045&Eignaflokkur=15440&Sleppa=0,357072.57,407566.989,0.0,32853.0,4.0,,Vesturbær Götulýsing,,64.14107631,-21.93674463,,Vesturbær Götulýsing            ,,1900,6403,SRL-LED49WL66+L90 3.0K,SRL-LED49WL66+L90 3.0K,Vizulo,LED,49,,3000.0,,3000.0,,,,Stork.LB B048L66+L90 ZH-DIM5920lm,20032023,,,,G,49,,,,ZH,,,,,,,
1855680,Götuljós,99,31628,45,1998,Götuljósakort,Reykjavíkurborg - eignasjóður,0,1-3704,20261.0,199,90.0,Veita_43002,1999/02/23 00:00:00+00,2022/09/02 13:54:28+00,0.0,,403.0,{4596A5C3-F870-417F-9B0C-2F39DCDED1EE},Innfært,https://dmm.on.is/service/HandlerGatlistiOpinLeitEignaflokkur.ashx?Gatlisti=22553&OpinLeit=drst0045&Eignaflokkur=15440&Sleppa=0,356999.594,407613.749,0.0,32853.0,2.0,,Vesturbær Götulýsing,,64.14146489,-21.93828654,,Vesturbær Götulýsing            ,,35725,26,Jernkost7378-K125W,Jernkost7378-K125W,Jernkonst AB,K,125,,4200.0,,,,,,Jernkost 7378 Ömmuljós 125W K,1091998,,,,G,125,,,,,,,,,,,
1855681,Götuljós,99,1886,45,1993,Götuljósakort,Reykjavíkurborg - eignasjóður,0,,0.0,199,90.0,Áætlað 2009 - Dreifing,1998/10/01 00:00:00+00,2022/09/02 13:57:03+00,10.0,,403.0,{46475731-2FD6-45B0-AEB7-78EDD73B4D67},Innfært,https://dmm.on.is/service/HandlerGatlistiOpinLeitEignaflokkur.ashx?Gatlisti=22553&OpinLeit=drst0045&Eignaflokkur=15440&Sleppa=0,357054.938,407442.814,0.0,32853.0,1.0,,Vesturbær Götulýsing,,64.13995632,-21.93698794,,Vesturbær Götulýsing            ,,1958,13,Philips-NA150W,Philips-NA150W,Philips,,150,,2000.0,,,,,,Philips 150W NA,1071993,,,,G,150,,,,,,,,,,,
1855683,Götuljós,99,1884,45,1993,Götuljósakort,Reykjavíkurborg - eignasjóður,0,,0.0,199,90.0,Áætlað 2009 - Dreifing,1998/10/01 00:00:00+00,2022/09/02 14:12:52+00,10.0,,403.0,{7E807392-5200-4BFA-906D-18A6F8D7D721},Innfært,https://dmm.on.is/service/HandlerGatlistiOpinLeitEignaflokkur.ashx?Gatlisti=22553&OpinLeit=drst0045&Eignaflokkur=15440&Sleppa=0,357109.715,407490.298,0.0,32853.0,4.0,,Vesturbær Götulýsing,,64.14040461,-21.93590937,,Vesturbær Götulýsing            ,,1956,13,Philips-NA150W,Philips-NA150W,Philips,,150,,2000.0,,,,,,Philips 150W NA,1071993,,,,G,150,,,,,,,,,,,
1855686,Götuljós,99,1829,45,1996,Götuljósakort,Reykjavíkurborg - eignasjóður,0,,0.0,199,90.0,Áætlað 2009 - Dreifing,1997/11/20 00:00:00+00,2022/09/02 14:12:52+00,10.0,,403.0,{09FE5921-CDC0-4AF8-9C00-DD1F6FA849FB},Innfært,https://dmm.on.is/service/HandlerGatlistiOpinLeitEignaflokkur.ashx?Gatlisti=22553&OpinLeit=drst0045&Eignaflokkur=15440&Sleppa=0,357088.638,407547.563,0.0,32853.0,4.0,,Vesturbær Götulýsing,,64.14090894,-21.93639643,,Vesturbær Götulýsing            ,,1901,6403,SRL-LED49WL66+L90 3.0K,SRL-LED49WL66+L90 3.0K,Vizulo,LED,49,,3000.0,,3000.0,,,,Stork.LB B048L66+L90 ZH-DIM5920lm,16032023,16092022.0,,,G,49,,,,ZH,,,,,,,
1855799,Götuljós,17,26973,74,1994,Götuljósakort,Reykjavíkurborg - eignasjóður,0,70002280,1494264.0,117,90.0,Áætlað 2009 - Dreifing,1994/03/11 00:00:00+00,2022/08/18 13:06:39+00,10.0,,403.0,{FFD3C47F-1B5B-4459-B342-31E0517FC5E0},Innfært,https://dmm.on.is/service/HandlerGatlistiOpinLeitEignaflokkur.ashx?Gatlisti=22553&OpinLeit=drst0074&Eignaflokkur=15440&Sleppa=0,356852.847,407787.24,0.0,16729.0,,,Miðbær Götulýsing,,64.14295824,-21.94146321,,Miðbær Götulýsing               ,,90250,5626,LQ93-3BFR-LED17W2.7K,LQ93-3BFR-LED17W2.7K,GMR Enlights,LED,17,,2700.0,,,,,,LQ93-3BFR 17W 2.7K,15042019,1011900.0,,,G,17,,,,,,,,,,,
1855800,Götuljós,17,26974,74,1994,Götuljósakort,Reykjavíkurborg - eignasjóður,0,70096747,1494265.0,117,90.0,Áætlað 2009 - Dreifing,1994/03/11 00:00:00+00,2022/08/18 13:07:04+00,10.0,,403.0,{271776E0-EADB-4B63-908E-BC37300CC9BF},Innfært,https://dmm.on.is/service/HandlerGatlistiOpinLeitEignaflokkur.ashx?Gatlisti=22553&OpinLeit=drst0074&Eignaflokkur=15440&Sleppa=0,356830.264,407791.602,0.0,16729.0,,,Miðbær Götulýsing,,64.1429879,-21.94193076,,Miðbær Götulýsing               ,,90251,5626,LQ93-3BFR-LED17W2.7K,LQ93-3BFR-LED17W2.7K,GMR Enlights,LED,17,,2700.0,,,,,,LQ93-3BFR 17W 2.7K,15042019,1011900.0,,,G,17,,,,,,,,,,,
1855803,Götuljós,17,26990,74,1995,Götuljósakort,Reykjavíkurborg - eignasjóður,0,70096747,1494205.0,117,339.5377285,Veita_43001,1994/03/11 00:00:00+00,2022/08/18 13:07:06+00,0.0,,403.0,{20F0B58B-FF78-466B-84E2-ADE3B9770F2C},Innfært,https://dmm.on.is/service/HandlerGatlistiOpinLeitEignaflokkur.ashx?Gatlisti=22553&OpinLeit=drst0074&Eignaflokkur=15440&Sleppa=0,356893.114,407751.369,0.0,16729.0,,,Vesturbær Götulýsing,,64.14265362,-21.94060271,,Vesturbær Götulýsing            ,,90193,5628,LQ93-3BFR-LED12W2.7K,LQ93-3BFR-LED12W2.7K,GMR Enlights,LED,12,,2700.0,,,,,,LQ93-3BFR 12W 2.7K,15042019,1011900.0,,,G,12,,,,,,,,,,,
1855804,Götuljós,17,26972,74,1994,Götuljósakort,Reykjavíkurborg - eignasjóður,0,70096747,1494262.0,117,90.0,Áætlað 2009 - Dreifing,1994/03/11 00:00:00+00,2022/08/18 13:07:04+00,10.0,,403.0,{97C7C58A-7E57-48EE-94A8-61AFB8713677},Innfært,https://dmm.on.is/service/HandlerGatlistiOpinLeitEignaflokkur.ashx?Gatlisti=22553&OpinLeit=drst0074&Eignaflokkur=15440&Sleppa=0,356851.275,407779.279,0.0,16729.0,,,Miðbær Götulýsing,,64.14288625,-21.94148786,,Miðbær Götulýsing               ,,90249,5626,LQ93-3BFR-LED17W2.7K,LQ93-3BFR-LED17W2.7K,GMR Enlights,LED,17,,2700.0,,,,,,LQ93-3BFR 17W 2.7K,15042019,1011900.0,,,G,17,,,,,,,,,,,
1856041,Götuljós,6,26970,74,1994,Götuljósakort,Reykjavíkurborg - eignasjóður,0,,0.0,106,64.32304764,Veita_43001,1994/03/11 00:00:00+00,2022/08/18 13:07:55+00,0.3,,403.0,{FAC1B569-FDED-4F64-BA64-A5BA9EBD991F},Innfært,https://dmm.on.is/service/HandlerGatlistiOpinLeitEignaflokkur.ashx?Gatlisti=22553&OpinLeit=drst0074&Eignaflokkur=15440&Sleppa=0,356896.685,407769.326,0.0,16729.0,,,Miðbær Götulýsing,,64.14281601,-21.94054659,,Miðbær Götulýsing               ,,28680,7442,SRL-LED90WV22 3.0K,SRL-LED90WV22 3.0K,Vizulo,LED,90,,3000.0,,3000.0,,,,Stork.LB G064V22 ZH-DIM,30012023,,,,G,90,,,,ZH,,,,,,,
1856127,Götuljós,17,26992,74,1994,Götuljósakort,Reykjavíkurborg - eignasjóður,0,70096747,1494204.0,117,352.7147217,Áætlað 2009 - Dreifing,1993/12/31 00:00:00+00,2022/08/18 13:07:07+00,0.0,,403.0,{9905A458-CF5D-412A-81CF-82E84F1A39F5},Innfært,https://dmm.on.is/service/HandlerGatlistiOpinLeitEignaflokkur.ashx?Gatlisti=22553&OpinLeit=drst0074&Eignaflokkur=15440&Sleppa=0,356881.377,407698.947,0.0,16729.0,,,Vesturbær Götulýsing,,64.142179,-21.94079347,,Vesturbær Götulýsing            ,,90195,5628,LQ93-3BFR-LED12W2.7K,LQ93-3BFR-LED12W2.7K,GMR Enlights,LED,12,,2700.0,,,,,,LQ93-3BFR 12W 2.7K,15042019,1011900.0,,,G,12,,,,,,,,,,,
1856128,Götuljós,17,26989,74,1994,Götuljósakort,Reykjavíkurborg - eignasjóður,0,70096747,1494199.0,117,185.5721978,Áætlað 2009 - Dreifing,1993/12/31 00:00:00+00,2022/08/18 13:07:19+00,0.0,,403.0,{B579B192-CDBD-4A77-AEB5-58C8FACDDBF7},Innfært,https://dmm.on.is/service/HandlerGatlistiOpinLeitEignaflokkur.ashx?Gatlisti=22553&OpinLeit=drst0074&Eignaflokkur=15440&Sleppa=0,356888.362,407756.421,0.0,16729.0,,,Vesturbær Götulýsing,,64.1426969,-21.94070504,,Vesturbær Götulýsing            ,,90192,5628,LQ93-3BFR-LED12W2.7K,LQ93-3BFR-LED12W2.7K,GMR Enlights,LED,12,,2700.0,,,,,,LQ93-3BFR 12W 2.7K,15042019,1011900.0,,,G,12,,,,,,,,,,,
1856300,Götuljós,17,26971,74,1994,Götuljósakort,Reykjavíkurborg - eignasjóður,0,70002280,1494263.0,117,90.0,Áætlað 2009 - Dreifing,1994/03/11 00:00:00+00,2022/08/18 13:06:46+00,10.0,,403.0,{4ABE6412-9F52-4DCA-A149-23D305ADFA90},Innfært,https://dmm.on.is/service/HandlerGatlistiOpinLeitEignaflokkur.ashx?Gatlisti=22553&OpinLeit=drst0074&Eignaflokkur=15440&Sleppa=0,356828.679,407783.577,0.0,16729.0,,,Miðbær Götulýsing,,64.14291533,-21.94195561,,Miðbær Götulýsing               ,,90248,5626,LQ93-3BFR-LED17W2.7K,LQ93-3BFR-LED17W2.7K,GMR Enlights,LED,17,,2700.0,,,,,,LQ93-3BFR 17W 2.7K,15042019,1011900.0,,,G,17,,,,,,,,,,,
1856305,Götuljós,6,26966,74,1994,Götuljósakort,Reykjavíkurborg - eignasjóður,0,,0.0,106,76.18918896,Veita_43001,1994/03/11 00:00:00+00,2022/08/18 13:07:54+00,0.3,,403.0,{D3872F88-3033-4924-8990-AA34A936CF52},Innfært,https://dmm.on.is/service/HandlerGatlistiOpinLeitEignaflokkur.ashx?Gatlisti=22553&OpinLeit=drst0074&Eignaflokkur=15440&Sleppa=0,356730.452,407802.338,0.0,16729.0,,,Miðbær Götulýsing,,64.14304243,-21.94398905,,Miðbær Götulýsing               ,,28676,7442,SRL-LED90WV22 3.0K,SRL-LED90WV22 3.0K,Vizulo,LED,90,,3000.0,,3000.0,,,,Stork.LB G064V22 ZH-DIM,30012023,,,,G,90,,,,ZH,,,,,,,
1856396,Götuljós,6,26965,74,1994,Götuljósakort,Reykjavíkurborg - eignasjóður,0,,0.0,106,76.18918896,Veita_43001,1994/03/11 00:00:00+00,2022/08/18 13:07:57+00,0.3,,403.0,{1359C324-6EA1-45B1-9002-429912895595},Innfært,https://dmm.on.is/service/HandlerGatlistiOpinLeitEignaflokkur.ashx?Gatlisti=22553&OpinLeit=drst0074&Eignaflokkur=15440&Sleppa=0,356691.142,407809.743,0.0,16729.0,,,Miðbær Götulýsing,,64.14309236,-21.94480273,,Miðbær Götulýsing               ,,28675,7442,SRL-LED90WV22 3.0K,SRL-LED90WV22 3.0K,Vizulo,LED,90,,3000.0,,3000.0,,,,Stork.LB G064V22 ZH-DIM,30012023,,,,G,90,,,,ZH,,,,,,,
1856405,Götuljós,17,26984,74,1995,Götuljósakort,Reykjavíkurborg - eignasjóður,0,70096747,1494210.0,117,3.39505005,Veita_43001,1993/12/31 00:00:00+00,2022/08/18 13:07:02+00,0.0,,403.0,{7EF6C1F8-9F7A-4C5E-B33A-7B6895324A1A},Innfært,https://dmm.on.is/service/HandlerGatlistiOpinLeitEignaflokkur.ashx?Gatlisti=22553&OpinLeit=drst0074&Eignaflokkur=15440&Sleppa=0,356745.076,407746.732,0.0,16729.0,,,Vesturbær Götulýsing,,64.14255029,-21.94363582,,Vesturbær Götulýsing            ,,90187,5628,LQ93-3BFR-LED12W2.7K,LQ93-3BFR-LED12W2.7K,GMR Enlights,LED,12,,2700.0,,,,,,LQ93-3BFR 12W 2.7K,15042019,1011900.0,,,G,12,,,,,,,,,,,
1856406,Götuljós,17,26983,74,2000,Götuljósakort,Reykjavíkurborg - eignasjóður,0,70096747,1494202.0,117,1.90858459,Veita_43001,1993/12/31 00:00:00+00,2022/08/18 13:07:01+00,0.0,,403.0,{0A619CF8-38D8-4229-B82B-2AEC97C5E57A},Innfært,https://dmm.on.is/service/HandlerGatlistiOpinLeitEignaflokkur.ashx?Gatlisti=22553&OpinLeit=drst0074&Eignaflokkur=15440&Sleppa=0,356744.834,407780.732,0.0,16729.0,,,Vesturbær Götulýsing,,64.14285484,-21.94367329,,Vesturbær Götulýsing            ,,90186,5628,LQ93-3BFR-LED12W2.7K,LQ93-3BFR-LED12W2.7K,GMR Enlights,LED,12,,2700.0,,,,,,LQ93-3BFR 12W 2.7K,15042019,1011900.0,,,G,12,,,,,,,,,,,
1856463,Götuljós,6,26967,74,1994,Götuljósakort,Reykjavíkurborg - eignasjóður,0,,0.0,106,76.18918896,Veita_43001,1994/03/11 00:00:00+00,2022/08/18 13:07:56+00,0.3,,403.0,{F1BDB790-92B4-449A-84A5-EF22D21F6CED},Innfært,https://dmm.on.is/service/HandlerGatlistiOpinLeitEignaflokkur.ashx?Gatlisti=22553&OpinLeit=drst0074&Eignaflokkur=15440&Sleppa=0,356772.681,407794.228,0.0,16729.0,,,Miðbær Götulýsing,,64.14298739,-21.9431148,,Miðbær Götulýsing               ,,28677,7442,SRL-LED90WV22 3.0K,SRL-LED90WV22 3.0K,Vizulo,LED,90,,3000.0,,3000.0,,,,Stork.LB G064V22 ZH-DIM,30012023,,,,G,90,,,,ZH,,,,,,,
1856512,Götuljós,17,26996,74,1995,Götuljósakort,Reykjavíkurborg - eignasjóður,0,70096747,1494203.0,117,335.8822327,Veita_43001,1993/12/31 00:00:00+00,2022/08/18 13:07:22+00,0.0,,403.0,{DFD25576-221F-4F30-AFB6-70767A05822D},Innfært,https://dmm.on.is/service/HandlerGatlistiOpinLeitEignaflokkur.ashx?Gatlisti=22553&OpinLeit=drst0074&Eignaflokkur=15440&Sleppa=0,356836.705,407589.99,0.0,16729.0,,,Vesturbær Götulýsing,,64.14118408,-21.94160596,,Vesturbær Götulýsing            ,,90199,5628,LQ93-3BFR-LED12W2.7K,LQ93-3BFR-LED12W2.7K,GMR Enlights,LED,12,,2700.0,,,,,,LQ93-3BFR 12W 2.7K,15042019,1011900.0,,,G,12,,,,,,,,,,,
1856513,Götuljós,17,26988,74,1995,Götuljósakort,Reykjavíkurborg - eignasjóður,0,70096747,1494208.0,117,2.66170502,Veita_43001,1993/12/31 00:00:00+00,2022/08/18 13:07:07+00,0.0,,403.0,{CA07D880-4774-4069-A57C-FBE7DBBD234F},Innfært,https://dmm.on.is/service/HandlerGatlistiOpinLeitEignaflokkur.ashx?Gatlisti=22553&OpinLeit=drst0074&Eignaflokkur=15440&Sleppa=0,356746.756,407617.973,0.0,16729.0,,,Vesturbær Götulýsing,,64.14139727,-21.94347824,,Vesturbær Götulýsing            ,,90191,5628,LQ93-3BFR-LED12W2.7K,LQ93-3BFR-LED12W2.7K,GMR Enlights,LED,12,,2700.0,,,,,,LQ93-3BFR 12W 2.7K,15042019,1011900.0,,,G,12,,,,,,,,,,,
1856787,Götuljós,17,26995,74,1995,Götuljósakort,Reykjavíkurborg - eignasjóður,0,70096747,1494209.0,117,337.570816,Veita_43001,1993/12/31 00:00:00+00,2022/08/18 13:07:03+00,0.0,,403.0,{2E3D9A3C-3704-49F7-A0C6-D16408A0DB22},Innfært,https://dmm.on.is/service/HandlerGatlistiOpinLeitEignaflokkur.ashx?Gatlisti=22553&OpinLeit=drst0074&Eignaflokkur=15440&Sleppa=0,356851.027,407615.294,0.0,16729.0,,,Vesturbær Götulýsing,,64.14141679,-21.94133628,,Vesturbær Götulýsing            ,,90198,5628,LQ93-3BFR-LED12W2.7K,LQ93-3BFR-LED12W2.7K,GMR Enlights,LED,12,,2700.0,,,,,,LQ93-3BFR 12W 2.7K,15042019,1011900.0,,,G,12,,,,,,,,,,,
1856816,Götuljós,17,26987,74,1995,Götuljósakort,Reykjavíkurborg - eignasjóður,0,70096747,1494206.0,117,6.55540466,Veita_43001,1993/12/31 00:00:00+00,2022/08/18 13:07:03+00,0.0,,403.0,{CE425EB6-FF1F-48D8-A48C-5BC85DDDFF67},Innfært,https://dmm.on.is/service/HandlerGatlistiOpinLeitEignaflokkur.ashx?Gatlisti=22553&OpinLeit=drst0074&Eignaflokkur=15440&Sleppa=0,356745.848,407646.752,0.0,16729.0,,,Vesturbær Götulýsing,,64.14165476,-21.94352439,,Vesturbær Götulýsing            ,,90190,5628,LQ93-3BFR-LED12W2.7K,LQ93-3BFR-LED12W2.7K,GMR Enlights,LED,12,,2700.0,,,,,,LQ93-3BFR 12W 2.7K,15042019,1011900.0,,,G,12,,,,,,,,,,,
1856817,Götuljós,17,26986,74,1995,Götuljósakort,Reykjavíkurborg - eignasjóður,0,70096747,1494198.0,117,-1.5746994,Veita_43001,1993/12/31 00:00:00+00,2022/08/18 13:07:06+00,0.0,,403.0,{045A30D5-D889-4863-86ED-E9AD9491FF24},Innfært,https://dmm.on.is/service/HandlerGatlistiOpinLeitEignaflokkur.ashx?Gatlisti=22553&OpinLeit=drst0074&Eignaflokkur=15440&Sleppa=0,356745.598,407676.734,0.0,16729.0,,,Vesturbær Götulýsing,,64.14192331,-21.94355818,,Vesturbær Götulýsing            ,,90189,5628,LQ93-3BFR-LED12W2.7K,LQ93-3BFR-LED12W2.7K,GMR Enlights,LED,12,,2700.0,,,,,,LQ93-3BFR 12W 2.7K,15042019,1011900.0,,,G,12,,,,,,,,,,,
1856818,Götuljós,17,26993,74,1995,Götuljósakort,Reykjavíkurborg - eignasjóður,0,70096747,1494207.0,117,352.7146912,Veita_43001,1993/12/31 00:00:00+00,2022/08/18 13:07:02+00,0.0,,403.0,{9B467A9A-68A9-4733-9B69-CFF996F5BD9F},Innfært,https://dmm.on.is/service/HandlerGatlistiOpinLeitEignaflokkur.ashx?Gatlisti=22553&OpinLeit=drst0074&Eignaflokkur=15440&Sleppa=0,356875.505,407669.525,0.0,16729.0,,,Vesturbær Götulýsing,,64.14191292,-21.94088585,,Vesturbær Götulýsing            ,,90196,5628,LQ93-3BFR-LED12W2.7K,LQ93-3BFR-LED12W2.7K,GMR Enlights,LED,12,,2700.0,,,,,,LQ93-3BFR 12W 2.7K,15042019,1011900.0,,,G,12,,,,,,,,,,,
1856820,Götuljós,17,26985,74,1995,Götuljósakort,Reykjavíkurborg - eignasjóður,0,70096747,1494200.0,117,-1.5746994,Veita_43001,1993/12/31 00:00:00+00,2022/08/18 13:07:20+00,0.0,,403.0,{86329B01-BFFD-44C1-8275-31817C70DFC1},Innfært,https://dmm.on.is/service/HandlerGatlistiOpinLeitEignaflokkur.ashx?Gatlisti=22553&OpinLeit=drst0074&Eignaflokkur=15440&Sleppa=0,356745.326,407711.733,0.0,16729.0,,,Vesturbær Götulýsing,,64.14223679,-21.94359722,,Vesturbær Götulýsing            ,,90188,5628,LQ93-3BFR-LED12W2.7K,LQ93-3BFR-LED12W2.7K,GMR Enlights,LED,12,,2700.0,,,,,,LQ93-3BFR 12W 2.7K,15042019,1011900.0,,,G,12,,,,,,,,,,,
1856821,Götuljós,17,26991,74,1995,Götuljósakort,Reykjavíkurborg - eignasjóður,0,70096747,1494201.0,117,343.6817474,Veita_43001,1993/12/31 00:00:00+00,2022/08/18 13:07:19+00,0.0,,403.0,{CA630460-5CDE-4635-8174-F3CAB7830FFE},Innfært,https://dmm.on.is/service/HandlerGatlistiOpinLeitEignaflokkur.ashx?Gatlisti=22553&OpinLeit=drst0074&Eignaflokkur=15440&Sleppa=0,356886.564,407728.5,0.0,16729.0,,,Vesturbær Götulýsing,,64.14244597,-21.94071527,,Vesturbær Götulýsing            ,,90194,5628,LQ93-3BFR-LED12W2.7K,LQ93-3BFR-LED12W2.7K,GMR Enlights,LED,12,,2700.0,,,,,,LQ93-3BFR 12W 2.7K,15042019,1011900.0,,,G,12,,,,,,,,,,,
1856991,Upplýst skilti,89,35359,74,1999,Götuljósakort,Reykjavíkurborg - eignasjóður,0,H-77072,45537.0,2,349.6951599,,2001/09/11 00:00:00+00,2022/08/18 13:07:31+00,0.0,,403.0,{DA951469-9919-4FC6-A02C-1C973FAB9869},Innfært,https://dmm.on.is/service/HandlerGatlistiOpinLeitEignaflokkur.ashx?Gatlisti=22553&OpinLeit=drst0074&Eignaflokkur=15440&Sleppa=0,356866.791,407773.6444,0.0,16729.0,,,Skothúsvegur v/Hljómsk.uppl.t.,,64.14284223,-21.94116411,,Skothúsvegur v/Hljómsk.uppl.t.  ,,40106,318,AUGL180W,AUGL180W,-,F,180,,,,,,,,Augl.standur 180W,17111999,,,,E,180,,,,,,,,,,,
1857340,Götuljós,6,26968,74,1994,Götuljósakort,Reykjavíkurborg - eignasjóður,0,,0.0,106,76.18918896,Veita_43001,1994/03/11 00:00:00+00,2022/08/18 13:07:58+00,0.3,,403.0,{5E31AB52-E555-4673-B284-9A7FAAC00393},Innfært,https://dmm.on.is/service/HandlerGatlistiOpinLeitEignaflokkur.ashx?Gatlisti=22553&OpinLeit=drst0074&Eignaflokkur=15440&Sleppa=0,356813.943,407786.38,0.0,16729.0,,,Miðbær Götulýsing,,64.1429343,-21.94226065,,Miðbær Götulýsing               ,,28678,7442,SRL-LED90WV22 3.0K,SRL-LED90WV22 3.0K,Vizulo,LED,90,,3000.0,,3000.0,,,,Stork.LB G064V22 ZH-DIM,30012023,,,,G,90,,,,ZH,,,,,,,
1857484,Götuljós,99,1824,45,1983,Götuljósakort,Reykjavíkurborg - eignasjóður,0,,0.0,199,90.0,Veita_43002,1997/11/20 00:00:00+00,2022/09/02 14:12:52+00,0.0,,403.0,{EF16CBE7-6AA8-4110-9302-76C5D64A9B40},Innfært,https://dmm.on.is/service/HandlerGatlistiOpinLeitEignaflokkur.ashx?Gatlisti=22553&OpinLeit=drst0045&Eignaflokkur=15440&Sleppa=0,357050.499,407670.423,0.0,32853.0,4.0,,Vesturbær Götulýsing,,64.14199392,-21.93729615,,Vesturbær Götulýsing            ,,1896,6403,SRL-LED49WL66+L90 3.0K,SRL-LED49WL66+L90 3.0K,Vizulo,LED,49,,3000.0,,3000.0,,,,Stork.LB B048L66+L90 ZH-DIM5920lm,16032023,,,,G,49,,,,ZH,,,,,,,
1857485,Götuljós,99,1825,45,1983,Götuljósakort,Reykjavíkurborg - eignasjóður,0,,0.0,199,90.0,Veita_43002,1997/11/20 00:00:00+00,2022/09/02 14:12:52+00,0.0,,403.0,{D10C05F1-E6C8-4EED-AD37-6A077AF3C7F6},Innfært,https://dmm.on.is/service/HandlerGatlistiOpinLeitEignaflokkur.ashx?Gatlisti=22553&OpinLeit=drst0045&Eignaflokkur=15440&Sleppa=0,357055.87,407643.48,0.0,32853.0,4.0,,Vesturbær Götulýsing,,64.14175474,-21.93716024,,Vesturbær Götulýsing            ,,1897,6403,SRL-LED49WL66+L90 3.0K,SRL-LED49WL66+L90 3.0K,Vizulo,LED,49,,3000.0,,3000.0,,,,Stork.LB B048L66+L90 ZH-DIM5920lm,16032023,,,,G,49,,,,ZH,,,,,,,
1857486,Götuljós,99,31624,45,1998,Götuljósakort,Reykjavíkurborg - eignasjóður,0,1-3704,20248.0,199,90.0,Veita_43002,1999/02/23 00:00:00+00,2022/09/02 13:54:28+00,0.0,,403.0,{7D526ECE-5F38-4AFA-9896-7FA81293C5C6},Innfært,https://dmm.on.is/service/HandlerGatlistiOpinLeitEignaflokkur.ashx?Gatlisti=22553&OpinLeit=drst0045&Eignaflokkur=15440&Sleppa=0,356980.858,407694.024,0.0,32853.0,2.0,,Vesturbær Götulýsing,,64.14217637,-21.93874758,,Vesturbær Götulýsing            ,,35721,26,Jernkost7378-K125W,Jernkost7378-K125W,Jernkonst AB,K,125,,4200.0,,,,,,Jernkost 7378 Ömmuljós 125W K,1091998,,,,G,125,,,,,,,,,,,
1857487,Götuljós,99,31633,45,1998,Götuljósakort,Reykjavíkurborg - eignasjóður,0,1-3704,20253.0,199,90.0,Veita_43002,1999/02/23 00:00:00+00,2022/09/02 13:58:25+00,10.0,,403.0,{7067A0C7-4F40-429B-A8ED-8B32F6B74A16},Innfært,https://dmm.on.is/service/HandlerGatlistiOpinLeitEignaflokkur.ashx?Gatlisti=22553&OpinLeit=drst0045&Eignaflokkur=15440&Sleppa=0,357024.253,407515.689,0.0,32853.0,2.0,,Vesturbær Götulýsing,,64.14059652,-21.93768703,,Vesturbær Götulýsing            ,,35730,26,Jernkost7378-K125W,Jernkost7378-K125W,Jernkonst AB,K,125,,4200.0,,,,,,Jernkost 7378 Ömmuljós 125W K,1091998,,,,G,125,,,,,,,,,,,
1857547,Götuljós,99,1822,45,1983,Götuljósakort,Reykjavíkurborg - eignasjóður,0,,0.0,199,90.0,Veita_43002,1997/11/20 00:00:00+00,2022/09/02 14:12:52+00,10.0,,403.0,{A3DF6137-DFDF-4596-AA59-5499AF1E491F},Innfært,https://dmm.on.is/service/HandlerGatlistiOpinLeitEignaflokkur.ashx?Gatlisti=22553&OpinLeit=drst0045&Eignaflokkur=15440&Sleppa=0,357041.864,407721.659,0.0,32853.0,4.0,,Vesturbær Götulýsing,,64.14244942,-21.93752221,,Vesturbær Götulýsing            ,,1894,6403,SRL-LED49WL66+L90 3.0K,SRL-LED49WL66+L90 3.0K,Vizulo,LED,49,,3000.0,,3000.0,,,,Stork.LB B048L66+L90 ZH-DIM5920lm,16032023,,,,G,49,,,,ZH,,,,,,,
1857581,Götuljós,4,37727,45,2001,Götuljósakort,Reykjavíkurborg - eignasjóður,0,5450,52951.0,104,19.14813995,Veita_43002,2002/10/25 00:00:00+00,2022/09/02 13:56:20+00,0.3,,403.0,{CB436D8D-7F6A-40BE-B8EF-9B9C0CB126A2},Innfært,https://dmm.on.is/service/HandlerGatlistiOpinLeitEignaflokkur.ashx?Gatlisti=22553&OpinLeit=drst0045&Eignaflokkur=15440&Sleppa=0,356999.82,407435.119,0.0,32853.0,2.0,,Vesturbær Götulýsing,,64.1398644,-21.93811144,,Vesturbær Götulýsing            ,,42661,286,Streetus-NA100W,Streetus-NA100W,Thorn,,100,,2000.0,,,,,,Thorn Streetus 7440c 100W NA,1092001,,,,G,100,,,,,,,,,,,
1857584,Götuljós,4,37735,45,2001,Götuljósakort,Reykjavíkurborg - eignasjóður,0,5450,53045.0,104,193.6611404,Veita_43002,2002/10/25 00:00:00+00,2022/09/02 13:55:24+00,0.0,,403.0,{A6E828F9-8ACE-4A36-B714-C9EF0A2D784A},Innfært,https://dmm.on.is/service/HandlerGatlistiOpinLeitEignaflokkur.ashx?Gatlisti=22553&OpinLeit=drst0045&Eignaflokkur=15440&Sleppa=0,356967.982,407597.219,0.0,32853.0,2.0,,Vesturbær Götulýsing,,64.1413036,-21.93891937,,Vesturbær Götulýsing            ,,42669,286,Streetus-NA100W,Streetus-NA100W,Thorn,,100,,2000.0,,,,,,Thorn Streetus 7440c 100W NA,1092001,,,,G,100,,,,,,,,,,,
1857595,Götuljós,4,37721,45,2001,Götuljósakort,Reykjavíkurborg - eignasjóður,0,5450,52934.0,104,19.14813995,Veita_43002,2002/10/25 00:00:00+00,2022/09/02 13:55:24+00,0.0,,403.0,{544AC056-7049-43EA-ABE1-35D42158B5E6},Innfært,https://dmm.on.is/service/HandlerGatlistiOpinLeitEignaflokkur.ashx?Gatlisti=22553&OpinLeit=drst0045&Eignaflokkur=15440&Sleppa=0,356949.49,407607.939,0.0,32853.0,2.0,,Vesturbær Götulýsing,,64.14139195,-21.93930902,,Vesturbær Götulýsing            ,,42655,286,Streetus-NA100W,Streetus-NA100W,Thorn,,100,,2000.0,,,,,,Thorn Streetus 7440c 100W NA,1092001,,,,G,100,,,,,,,,,,,
1857596,Götuljós,4,37722,45,2001,Götuljósakort,Reykjavíkurborg - eignasjóður,0,5450,52935.0,104,19.14813995,Veita_43002,2002/10/25 00:00:00+00,2022/09/02 13:55:24+00,0.0,,403.0,{F8F6F72F-20E5-4C69-B06A-421C06B37891},Innfært,https://dmm.on.is/service/HandlerGatlistiOpinLeitEignaflokkur.ashx?Gatlisti=22553&OpinLeit=drst0045&Eignaflokkur=15440&Sleppa=0,356957.878,407579.136,0.0,32853.0,2.0,,Vesturbær Götulýsing,,64.14113736,-21.93910942,,Vesturbær Götulýsing            ,,42656,286,Streetus-NA100W,Streetus-NA100W,Thorn,,100,,2000.0,,,,,,Thorn Streetus 7440c 100W NA,1092001,,,,G,100,,,,,,,,,,,
1857597,Götuljós,99,31632,45,1998,Götuljósakort,Reykjavíkurborg - eignasjóður,0,1-3704,20249.0,199,90.0,Veita_43002,1999/02/23 00:00:00+00,2022/09/02 13:58:25+00,10.0,,403.0,{396ADE94-BF19-4CE4-8F9F-2F384C9339C8},Innfært,https://dmm.on.is/service/HandlerGatlistiOpinLeitEignaflokkur.ashx?Gatlisti=22553&OpinLeit=drst0045&Eignaflokkur=15440&Sleppa=0,357015.948,407538.819,0.0,32853.0,2.0,,Vesturbær Götulýsing,,64.14080031,-21.93787949,,Vesturbær Götulýsing            ,,35729,26,Jernkost7378-K125W,Jernkost7378-K125W,Jernkonst AB,K,125,,4200.0,,,,,,Jernkost 7378 Ömmuljós 125W K,1091998,,,,G,125,,,,,,,,,,,
1857598,Götuljós,99,31635,45,1998,Götuljósakort,Reykjavíkurborg - eignasjóður,0,1-3704,20251.0,199,90.0,Veita_43002,1999/02/23 00:00:00+00,2022/09/02 13:58:25+00,10.0,,403.0,{B9EE1565-EE3F-4D2A-A900-0EA568E66AB4},Innfært,https://dmm.on.is/service/HandlerGatlistiOpinLeitEignaflokkur.ashx?Gatlisti=22553&OpinLeit=drst0045&Eignaflokkur=15440&Sleppa=0,357036.539,407471.761,0.0,32853.0,2.0,,Vesturbær Götulýsing,,64.14020803,-21.93739304,,Vesturbær Götulýsing            ,,35732,26,Jernkost7378-K125W,Jernkost7378-K125W,Jernkonst AB,K,125,,4200.0,,,,,,Jernkost 7378 Ömmuljós 125W K,1091998,,,,G,125,,,,,,,,,,,
1857625,Götuljós,99,1839,45,1969,Götuljósakort,Reykjavíkurborg - eignasjóður,0,,0.0,199,90.0,Veita_43002,1995/12/31 00:00:00+00,2022/09/02 14:12:52+00,10.0,,403.0,{D9AA2439-C8DC-4593-821D-B685C9DF7EF6},Innfært,https://dmm.on.is/service/HandlerGatlistiOpinLeitEignaflokkur.ashx?Gatlisti=22553&OpinLeit=drst0045&Eignaflokkur=15440&Sleppa=0,357250.276,407344.852,0.0,32853.0,4.0,,Vesturbær Götulýsing,,64.13915986,-21.93288692,,Vesturbær Götulýsing            ,,1911,6403,SRL-LED49WL66+L90 3.0K,SRL-LED49WL66+L90 3.0K,Vizulo,LED,49,,3000.0,,3000.0,,,,Stork.LB B048L66+L90 ZH-DIM5920lm,20032023,,,,G,49,,,,ZH,,,,,,,
1857690,Götuljós,4,37723,45,2001,Götuljósakort,Reykjavíkurborg - eignasjóður,0,5450,52947.0,104,19.14813995,Veita_43002,2002/10/25 00:00:00+00,2022/09/02 13:56:20+00,0.0,,403.0,{0DF8A7F3-4C2F-458C-A989-602F18EEECE0},Innfært,https://dmm.on.is/service/HandlerGatlistiOpinLeitEignaflokkur.ashx?Gatlisti=22553&OpinLeit=drst0045&Eignaflokkur=15440&Sleppa=0,356966.267,407550.333,0.0,32853.0,2.0,,Vesturbær Götulýsing,,64.14088277,-21.9389098,,Vesturbær Götulýsing            ,,42657,286,Streetus-NA100W,Streetus-NA100W,Thorn,,100,,2000.0,,,,,,Thorn Streetus 7440c 100W NA,1092001,,,,G,100,,,,,,,,,,,
1857695,Götuljós,99,31622,45,1998,Götuljósakort,Reykjavíkurborg - eignasjóður,0,1-3704,20256.0,199,90.0,Veita_43002,1999/02/23 00:00:00+00,2022/09/02 13:54:28+00,0.0,,403.0,{464C15D3-FE18-43ED-94E9-C13D0DF109F7},Innfært,https://dmm.on.is/service/HandlerGatlistiOpinLeitEignaflokkur.ashx?Gatlisti=22553&OpinLeit=drst0045&Eignaflokkur=15440&Sleppa=0,356979.665,407731.07,0.0,32853.0,2.0,,Vesturbær Götulýsing,,64.14250782,-21.93880742,,Vesturbær Götulýsing            ,,35719,26,Jernkost7378-K125W,Jernkost7378-K125W,Jernkonst AB,K,125,,4200.0,,,,,,Jernkost 7378 Ömmuljós 125W K,1091998,,,,G,125,,,,,,,,,,,
1857696,Götuljós,99,1837,45,1969,Götuljósakort,Reykjavíkurborg - eignasjóður,0,,0.0,199,90.0,Veita_43002,1995/12/31 00:00:00+00,2022/09/02 14:12:52+00,10.0,,403.0,{7339E7F7-3059-4782-A094-0D7BCDBA8661},Innfært,https://dmm.on.is/service/HandlerGatlistiOpinLeitEignaflokkur.ashx?Gatlisti=22553&OpinLeit=drst0045&Eignaflokkur=15440&Sleppa=0,357217.65,407385.091,0.0,32853.0,4.0,,Vesturbær Götulýsing,,64.13950684,-21.93359462,,Vesturbær Götulýsing            ,,1909,6403,SRL-LED49WL66+L90 3.0K,SRL-LED49WL66+L90 3.0K,Vizulo,LED,49,,3000.0,,3000.0,,,,Stork.LB B048L66+L90 ZH-DIM5920lm,20032023,,,,G,49,,,,ZH,,,,,,,
1857699,Götuljós,99,1834,45,1969,Götuljósakort,Reykjavíkurborg - eignasjóður,0,,0.0,199,90.0,Veita_43002,1995/12/31 00:00:00+00,2022/09/02 14:12:52+00,10.0,,403.0,{E7CD6B6E-8B54-4B03-AF4F-8FEAA1331BB9},Innfært,https://dmm.on.is/service/HandlerGatlistiOpinLeitEignaflokkur.ashx?Gatlisti=22553&OpinLeit=drst0045&Eignaflokkur=15440&Sleppa=0,357166.996,407447.562,0.0,32853.0,4.0,,Vesturbær Götulýsing,,64.14004553,-21.9346934,,Vesturbær Götulýsing            ,,1906,6403,SRL-LED49WL66+L90 3.0K,SRL-LED49WL66+L90 3.0K,Vizulo,LED,49,,3000.0,,3000.0,,,,Stork.LB B048L66+L90 ZH-DIM5920lm,20032023,,,,G,49,,,,ZH,,,,,,,
1857700,Götuljós,99,31631,45,1998,Götuljósakort,Reykjavíkurborg - eignasjóður,0,1-3704,20254.0,199,90.0,Veita_43002,1999/02/23 00:00:00+00,2022/09/02 13:58:25+00,10.0,,403.0,{E1C5D68F-F638-4BFE-857D-493C29C2A3EE},Innfært,https://dmm.on.is/service/HandlerGatlistiOpinLeitEignaflokkur.ashx?Gatlisti=22553&OpinLeit=drst0045&Eignaflokkur=15440&Sleppa=0,357010.697,407556.829,0.0,32853.0,2.0,,Vesturbær Götulýsing,,64.1409595,-21.93800441,,Vesturbær Götulýsing            ,,35728,26,Jernkost7378-K125W,Jernkost7378-K125W,Jernkonst AB,K,125,,4200.0,,,,,,Jernkost 7378 Ömmuljós 125W K,1091998,,,,G,125,,,,,,,,,,,
1857763,Götuljós,99,31627,45,1998,Götuljósakort,Reykjavíkurborg - eignasjóður,0,1-3704,20260.0,199,90.0,Veita_43002,1999/02/23 00:00:00+00,2022/09/02 13:54:28+00,0.0,,403.0,{258D6BBB-B220-4E90-99FB-A23B0ACC24F0},Innfært,https://dmm.on.is/service/HandlerGatlistiOpinLeitEignaflokkur.ashx?Gatlisti=22553&OpinLeit=drst0045&Eignaflokkur=15440&Sleppa=0,356993.061,407636.084,0.0,32853.0,2.0,,Vesturbær Götulýsing,,64.1416623,-21.9384419,,Vesturbær Götulýsing            ,,35724,26,Jernkost7378-K125W,Jernkost7378-K125W,Jernkonst AB,K,125,,4200.0,,,,,,Jernkost 7378 Ömmuljós 125W K,1091998,,,,G,125,,,,,,,,,,,
1857766,Götuljós,99,1929,45,1969,Götuljósakort,Reykjavíkurborg - eignasjóður,0,,0.0,199,90.0,Veita_43002,1995/12/31 00:00:00+00,2022/09/02 13:57:40+00,10.0,,403.0,{6507B913-A0C3-4EE4-87B5-B7F84C207658},Innfært,https://dmm.on.is/service/HandlerGatlistiOpinLeitEignaflokkur.ashx?Gatlisti=22553&OpinLeit=drst0045&Eignaflokkur=15440&Sleppa=0,357163.92,407355.852,0.0,32853.0,3.0,,Vesturbær Götulýsing,,64.13922249,-21.9346691,,Vesturbær Götulýsing            ,,2001,42,AEC Uno-NA100W,AEC Uno-NA100W,AEC,,100,,2000.0,,,,,,AEC Uno 100W NAH-T,1071993,,,,G,100,,,,,,,,,,,
1857773,Upplýst skilti,89,35362,45,1999,Götuljósakort,Reykjavíkurborg - eignasjóður,0,70092663,45529.0,2,106.1892815,,2001/09/11 00:00:00+00,2022/09/02 13:55:24+00,0.0,,403.0,{C3A28F12-0F10-46D4-A2FD-A2B1FC786C5E},Innfært,https://dmm.on.is/service/HandlerGatlistiOpinLeitEignaflokkur.ashx?Gatlisti=22553&OpinLeit=drst0045&Eignaflokkur=15440&Sleppa=0,356942.183,407689.736,0.0,32853.0,2.0,,"Sóleyjargata v/nr. 5, upp.t.1019",,64.14212183,-21.93953704,,"Sóleyjargata v/nr. 5, upp.t.1019",,40109,318,AUGL180W,AUGL180W,-,F,180,,,,,,,,Augl.standur 180W,18111999,,,,E,180,,,,,,,,,,,
1857774,Götuljós,1,1827,45,1996,Götuljósakort,Reykjavíkurborg - eignasjóður,0,1-2683,8721.0,7,13.49378967,Veita_43002,1997/11/20 00:00:00+00,2022/09/02 14:12:52+00,10.0,,403.0,{895FFCF9-1038-408F-A815-2D7CDD75E6CF},Innfært,https://dmm.on.is/service/HandlerGatlistiOpinLeitEignaflokkur.ashx?Gatlisti=22553&OpinLeit=drst0045&Eignaflokkur=15440&Sleppa=0,357067.097,407592.943,0.0,32853.0,4.0,,Vesturbær Götulýsing,,64.14130659,-21.93688168,,Vesturbær Götulýsing            ,,1899,6403,SRL-LED49WL66+L90 3.0K,SRL-LED49WL66+L90 3.0K,Vizulo,LED,49,,3000.0,,3000.0,,,,Stork.LB B048L66+L90 ZH-DIM5920lm,16032023,,,,G,49,,,,ZH,,,,,,,
1857777,Götuljós,4,37720,45,2001,Götuljósakort,Reykjavíkurborg - eignasjóður,0,5450,52933.0,104,19.14813995,Veita_43002,2002/10/25 00:00:00+00,2022/09/02 13:55:24+00,0.0,,403.0,{6247C485-14C9-432B-BCD2-3FB0C74F0C45},Innfært,https://dmm.on.is/service/HandlerGatlistiOpinLeitEignaflokkur.ashx?Gatlisti=22553&OpinLeit=drst0045&Eignaflokkur=15440&Sleppa=0,356941.101,407636.743,0.0,32853.0,2.0,,Vesturbær Götulýsing,,64.14164654,-21.93950864,,Vesturbær Götulýsing            ,,42654,286,Streetus-NA100W,Streetus-NA100W,Thorn,,100,,2000.0,,,,,,Thorn Streetus 7440c 100W NA,1092001,,,,G,100,,,,,,,,,,,
1857803,Götuljós,4,37716,45,2001,Götuljósakort,Reykjavíkurborg - eignasjóður,0,5450,52936.0,104,19.14813995,Veita_43002,2002/10/25 00:00:00+00,2022/09/02 13:55:24+00,0.0,,403.0,{5E211870-A1FF-4A74-A0EB-E0195DD35C5C},Innfært,https://dmm.on.is/service/HandlerGatlistiOpinLeitEignaflokkur.ashx?Gatlisti=22553&OpinLeit=drst0045&Eignaflokkur=15440&Sleppa=0,356907.548,407751.956,0.0,32853.0,2.0,,Vesturbær Götulýsing,,64.1426649,-21.94030711,,Vesturbær Götulýsing            ,,42650,286,Streetus-NA100W,Streetus-NA100W,Thorn,,100,,2000.0,,,,,,Thorn Streetus 7440c 100W NA,1092001,,,,G,100,,,,,,,,,,,
1857807,Götuljós,99,1832,45,1969,Götuljósakort,Reykjavíkurborg - eignasjóður,0,,0.0,199,90.0,Veita_43002,1995/12/31 00:00:00+00,2022/09/02 14:12:52+00,10.0,,403.0,{83A384B3-184C-445D-A851-4104F76E9E85},Innfært,https://dmm.on.is/service/HandlerGatlistiOpinLeitEignaflokkur.ashx?Gatlisti=22553&OpinLeit=drst0045&Eignaflokkur=15440&Sleppa=0,357135.726,407486.128,0.0,32853.0,4.0,,Vesturbær Götulýsing,,64.14037807,-21.93537173,,Vesturbær Götulýsing            ,,1904,6403,SRL-LED49WL66+L90 3.0K,SRL-LED49WL66+L90 3.0K,Vizulo,LED,49,,3000.0,,3000.0,,,,Stork.LB B048L66+L90 ZH-DIM5920lm,20032023,,,,G,49,,,,ZH,,,,,,,
1857808,Götuljós,99,1840,45,1969,Götuljósakort,Reykjavíkurborg - eignasjóður,0,,0.0,199,90.0,Veita_43002,1995/12/31 00:00:00+00,2022/09/02 14:12:52+00,10.0,,403.0,{89EA2E89-AC74-44B4-A79F-3F361DFFD06B},Innfært,https://dmm.on.is/service/HandlerGatlistiOpinLeitEignaflokkur.ashx?Gatlisti=22553&OpinLeit=drst0045&Eignaflokkur=15440&Sleppa=0,357266.467,407324.884,0.0,32853.0,4.0,,Vesturbær Götulýsing,,64.13898768,-21.93253573,,Vesturbær Götulýsing            ,,1912,6403,SRL-LED49WL66+L90 3.0K,SRL-LED49WL66+L90 3.0K,Vizulo,LED,49,,3000.0,,3000.0,,,,Stork.LB B048L66+L90 ZH-DIM5920lm,20032023,,,,G,49,,,,ZH,,,,,,,
1857809,Götuljós,99,1928,45,1969,Götuljósakort,Reykjavíkurborg - eignasjóður,0,,0.0,199,90.0,Veita_43002,1995/12/31 00:00:00+00,2022/09/02 13:57:40+00,10.0,,403.0,{5BE6616A-1C26-4BD4-AF63-237DF0ED901A},Innfært,https://dmm.on.is/service/HandlerGatlistiOpinLeitEignaflokkur.ashx?Gatlisti=22553&OpinLeit=drst0045&Eignaflokkur=15440&Sleppa=0,357136.704,407385.764,0.0,32853.0,3.0,,Vesturbær Götulýsing,,64.13947918,-21.93525598,,Vesturbær Götulýsing            ,,2000,42,AEC Uno-NA100W,AEC Uno-NA100W,AEC,,100,,2000.0,,,,,,AEC Uno 100W NAH-T,1071993,,,,G,100,,,,,,,,,,,
1857810,Götuljós,99,1838,45,1969,Götuljósakort,Reykjavíkurborg - eignasjóður,0,,0.0,199,90.0,Veita_43002,1995/12/31 00:00:00+00,2022/09/02 14:12:52+00,10.0,,403.0,{3BD7E53B-A185-4218-8E49-ECA5331CD321},Innfært,https://dmm.on.is/service/HandlerGatlistiOpinLeitEignaflokkur.ashx?Gatlisti=22553&OpinLeit=drst0045&Eignaflokkur=15440&Sleppa=0,357234.075,407364.834,0.0,32853.0,4.0,,Vesturbær Götulýsing,,64.13933217,-21.93323834,,Vesturbær Götulýsing            ,,1910,6403,SRL-LED49WL66+L90 3.0K,SRL-LED49WL66+L90 3.0K,Vizulo,LED,49,,3000.0,,3000.0,,,,Stork.LB B048L66+L90 ZH-DIM5920lm,20032023,,,,G,49,,,,ZH,,,,,,,
1857811,Götuljós,99,31629,45,1998,Götuljósakort,Reykjavíkurborg - eignasjóður,0,1-3704,20262.0,199,90.0,Veita_43002,1999/02/23 00:00:00+00,2022/09/02 13:54:28+00,0.0,,403.0,{93C5282E-67A1-409C-878B-5B675DADB3C8},Innfært,https://dmm.on.is/service/HandlerGatlistiOpinLeitEignaflokkur.ashx?Gatlisti=22553&OpinLeit=drst0045&Eignaflokkur=15440&Sleppa=0,357003.974,407598.888,0.0,32853.0,2.0,,Vesturbær Götulýsing,,64.14133356,-21.93818249,,Vesturbær Götulýsing            ,,35726,26,Jernkost7378-K125W,Jernkost7378-K125W,Jernkonst AB,K,125,,4200.0,,,,,,Jernkost 7378 Ömmuljós 125W K,1091998,,,,G,125,,,,,,,,,,,
1857812,Götuljós,4,37741,45,2001,Götuljósakort,Reykjavíkurborg - eignasjóður,0,5450,53052.0,104,193.6611404,Veita_43002,2002/10/25 00:00:00+00,2022/09/02 13:55:24+00,0.3,,403.0,{E673C2D4-EDB1-472F-8BAA-10899206798C},Innfært,https://dmm.on.is/service/HandlerGatlistiOpinLeitEignaflokkur.ashx?Gatlisti=22553&OpinLeit=drst0045&Eignaflokkur=15440&Sleppa=0,356922.861,407757.81,0.0,32853.0,2.0,,Vesturbær Götulýsing,,64.14272374,-21.9399985,,Vesturbær Götulýsing            ,,42675,286,Streetus-NA100W,Streetus-NA100W,Thorn,,100,,2000.0,,,,,,Thorn Streetus 7440c 100W NA,1092001,,,,G,100,,,,,,,,,,,
1857822,Götuljós,17,81100,74,2020,Götuljósakort,Reykjavíkurborg - eignasjóður,0,70002280,1548288.0,117,,,2020/04/16 08:15:25+00,2022/08/18 13:06:38+00,,,802.0,{CEC27445-065D-410D-8090-53BB5AE5C01B},Innfært,https://dmm.on.is/service/HandlerGatlistiOpinLeitEignaflokkur.ashx?Gatlisti=22553&OpinLeit=drst0074&Eignaflokkur=15440&Sleppa=0,356880.3389,407781.9298,0.0,16729.0,,,Miðbær Götulýsing,,64.14292212,-21.94089403,,Miðbær Götulýsing               ,,91784,5627,LQ93-5AFR12-LEDW2.7K,LQ93-5AFR12-LEDW2.7K,GMR Enlights,LED,12,,2700.0,,,,,,LQ93-5AFR 12W 2.7K,15042020,1011900.0,,,G,12,,,,,,,,,,,
1857841,Götuljós,4,37734,45,2001,Götuljósakort,Reykjavíkurborg - eignasjóður,0,5450,53044.0,104,193.6611404,Veita_43002,2002/10/25 00:00:00+00,2022/09/02 13:56:20+00,0.0,,403.0,{033106B8-C53F-4D00-B189-2BC575E02BFB},Innfært,https://dmm.on.is/service/HandlerGatlistiOpinLeitEignaflokkur.ashx?Gatlisti=22553&OpinLeit=drst0045&Eignaflokkur=15440&Sleppa=0,356976.48,407568.448,0.0,32853.0,2.0,,Vesturbær Götulýsing,,64.14104935,-21.93871755,,Vesturbær Götulýsing            ,,42668,286,Streetus-NA100W,Streetus-NA100W,Thorn,,100,,2000.0,,,,,,Thorn Streetus 7440c 100W NA,1092001,,,,G,100,,,,,,,,,,,
1857844,Götuljós,4,37737,45,2001,Götuljósakort,Reykjavíkurborg - eignasjóður,0,5450,53047.0,104,193.6611404,Veita_43002,2002/10/25 00:00:00+00,2022/09/02 13:55:24+00,0.0,,403.0,{A47B9AE6-ED02-4AD1-ABF8-662CCB9DD84E},Innfært,https://dmm.on.is/service/HandlerGatlistiOpinLeitEignaflokkur.ashx?Gatlisti=22553&OpinLeit=drst0045&Eignaflokkur=15440&Sleppa=0,356951.203,407654.825,0.0,32853.0,2.0,,Vesturbær Götulýsing,,64.14181278,-21.93931863,,Vesturbær Götulýsing            ,,42671,286,Streetus-NA100W,Streetus-NA100W,Thorn,,100,,2000.0,,,,,,Thorn Streetus 7440c 100W NA,1092001,,,,G,100,,,,,,,,,,,
1857845,Götuljós,99,1926,45,1969,Götuljósakort,Reykjavíkurborg - eignasjóður,0,,0.0,199,90.0,Veita_43002,1995/12/31 00:00:00+00,2022/09/02 13:57:40+00,10.0,,403.0,{E8B3664E-D84D-41FB-BD62-4D8F9ECE2B27},Innfært,https://dmm.on.is/service/HandlerGatlistiOpinLeitEignaflokkur.ashx?Gatlisti=22553&OpinLeit=drst0045&Eignaflokkur=15440&Sleppa=0,357080.131,407446.087,0.0,32853.0,3.0,,Vesturbær Götulýsing,,64.13999614,-21.93647419,,Vesturbær Götulýsing            ,,1998,42,AEC Uno-NA100W,AEC Uno-NA100W,AEC,,100,,2000.0,,,,,,AEC Uno 100W NAH-T,1071993,,,,G,100,,,,,,,,,,,
1857846,Götuljós,99,1835,45,1969,Götuljósakort,Reykjavíkurborg - eignasjóður,0,,0.0,199,90.0,Veita_43002,1995/12/31 00:00:00+00,2022/09/02 14:12:52+00,10.0,,403.0,{A975F590-D9D9-4BA9-8BF0-96EB93999FA1},Innfært,https://dmm.on.is/service/HandlerGatlistiOpinLeitEignaflokkur.ashx?Gatlisti=22553&OpinLeit=drst0045&Eignaflokkur=15440&Sleppa=0,357183.815,407426.819,0.0,32853.0,4.0,,Vesturbær Götulýsing,,64.13986666,-21.93432856,,Vesturbær Götulýsing            ,,1907,6403,SRL-LED49WL66+L90 3.0K,SRL-LED49WL66+L90 3.0K,Vizulo,LED,49,,3000.0,,3000.0,,,,Stork.LB B048L66+L90 ZH-DIM5920lm,20032023,,,,G,49,,,,ZH,,,,,,,
1857868,Götuljós,4,37724,45,2001,Götuljósakort,Reykjavíkurborg - eignasjóður,0,5450,52948.0,104,19.14813995,Veita_43002,2002/10/25 00:00:00+00,2022/09/02 13:56:20+00,0.0,,403.0,{FDAAEE0B-2063-4DED-9BCC-FEF68E7D1F27},Innfært,https://dmm.on.is/service/HandlerGatlistiOpinLeitEignaflokkur.ashx?Gatlisti=22553&OpinLeit=drst0045&Eignaflokkur=15440&Sleppa=0,356974.655,407521.529,0.0,32853.0,2.0,,Vesturbær Götulýsing,,64.14062818,-21.93871021,,Vesturbær Götulýsing            ,,42658,286,Streetus-NA100W,Streetus-NA100W,Thorn,,100,,2000.0,,,,,,Thorn Streetus 7440c 100W NA,1092001,,,,G,100,,,,,,,,,,,
1857882,Götuljós,4,37739,45,2001,Götuljósakort,Reykjavíkurborg - eignasjóður,0,5450,53049.0,104,193.6611404,Veita_43002,2002/10/25 00:00:00+00,2022/09/02 13:55:24+00,0.0,,403.0,{D94B7DD3-E455-413D-AE72-66119949922C},Innfært,https://dmm.on.is/service/HandlerGatlistiOpinLeitEignaflokkur.ashx?Gatlisti=22553&OpinLeit=drst0045&Eignaflokkur=15440&Sleppa=0,356934.372,407712.416,0.0,32853.0,2.0,,Vesturbær Götulýsing,,64.14232179,-21.93971896,,Vesturbær Götulýsing            ,,42673,286,Streetus-NA100W,Streetus-NA100W,Thorn,,100,,2000.0,,,,,,Thorn Streetus 7440c 100W NA,1092001,,,,G,100,,,,,,,,,,,
1857911,Götuljós,4,37730,45,2001,Götuljósakort,Reykjavíkurborg - eignasjóður,0,5450,53040.0,104,193.6611404,Veita_43002,2002/10/25 00:00:00+00,2022/09/02 13:56:20+00,0.3,,403.0,{30538058-BC2B-44D7-92A2-77514E9F072D},Innfært,https://dmm.on.is/service/HandlerGatlistiOpinLeitEignaflokkur.ashx?Gatlisti=22553&OpinLeit=drst0045&Eignaflokkur=15440&Sleppa=0,357010.098,407453.254,0.0,32853.0,2.0,,Vesturbær Götulýsing,,64.14003118,-21.93791787,,Vesturbær Götulýsing            ,,42664,286,Streetus-NA100W,Streetus-NA100W,Thorn,,100,,2000.0,,,,,,Thorn Streetus 7440c 100W NA,1092001,,,,G,100,,,,,,,,,,,
1857912,Götuljós,4,37738,45,2001,Götuljósakort,Reykjavíkurborg - eignasjóður,0,5450,53048.0,104,193.6611404,Veita_43002,2002/10/25 00:00:00+00,2022/09/02 13:55:24+00,0.0,,403.0,{55D7278B-30DF-4E84-A1A1-8369C6ABE529},Innfært,https://dmm.on.is/service/HandlerGatlistiOpinLeitEignaflokkur.ashx?Gatlisti=22553&OpinLeit=drst0045&Eignaflokkur=15440&Sleppa=0,356942.802,407683.625,0.0,32853.0,2.0,,Vesturbær Götulýsing,,64.14206733,-21.9395185,,Vesturbær Götulýsing            ,,42672,286,Streetus-NA100W,Streetus-NA100W,Thorn,,100,,2000.0,,,,,,Thorn Streetus 7440c 100W NA,1092001,,,,G,100,,,,,,,,,,,
1857913,Götuljós,99,1833,45,1969,Götuljósakort,Reykjavíkurborg - eignasjóður,0,,0.0,199,90.0,Veita_43002,1995/12/31 00:00:00+00,2022/09/02 14:12:52+00,10.0,,403.0,{62F51BF6-2A8B-4279-B70D-531DFAEFE5A7},Innfært,https://dmm.on.is/service/HandlerGatlistiOpinLeitEignaflokkur.ashx?Gatlisti=22553&OpinLeit=drst0045&Eignaflokkur=15440&Sleppa=0,357150.646,407467.726,0.0,32853.0,4.0,,Vesturbær Götulýsing,,64.1402194,-21.93504807,,Vesturbær Götulýsing            ,,1905,6403,SRL-LED49WL66+L90 3.0K,SRL-LED49WL66+L90 3.0K,Vizulo,LED,49,,3000.0,,3000.0,,,,Stork.LB B048L66+L90 ZH-DIM5920lm,20032023,,,,G,49,,,,ZH,,,,,,,
1857914,Götuljós,4,37717,45,2001,Götuljósakort,Reykjavíkurborg - eignasjóður,0,5450,52930.0,104,19.14813995,Veita_43002,2002/10/25 00:00:00+00,2022/09/02 13:55:24+00,0.0,,403.0,{C2536356-DAB1-48AC-AE21-4F970520BAF4},Innfært,https://dmm.on.is/service/HandlerGatlistiOpinLeitEignaflokkur.ashx?Gatlisti=22553&OpinLeit=drst0045&Eignaflokkur=15440&Sleppa=0,356915.936,407723.153,0.0,32853.0,2.0,,Vesturbær Götulýsing,,64.14241031,-21.94010749,,Vesturbær Götulýsing            ,,42651,286,Streetus-NA100W,Streetus-NA100W,Thorn,,100,,2000.0,,,,,,Thorn Streetus 7440c 100W NA,1092001,,,,G,100,,,,,,,,,,,
1861521,Götuljós,18,84415,26,2022,Götuljósakort,Reykjavíkurborg - eignasjóður,0,40002112,,117,,Hönnun hjá RVK,2022/12/20 10:13:49+00,2023/05/03 13:47:19+00,,,,{49A19B69-6FD7-46BA-8DAE-F32739F6C3D3},Innfært,https://dmm.on.is/service/HandlerGatlistiOpinLeitEignaflokkur.ashx?Gatlisti=22553&OpinLeit=drst0026&Eignaflokkur=15440&Sleppa=0,357290.5175,407279.577,,237800.0,1.0,,Vesturbær Götulýsing,,64.13859171,-21.93199917,,,,97661,5628,LQ93-3BFR-LED12W2.7K,LQ93-3BFR-LED12W2.7K,GMR Enlights,LED,12,,2700.0,,,,,,LQ93-3BFR 12W 2.7K,3042023,1011900.0,,,G,12,,,,,,,,,,,
1861522,Götuljós,18,84416,26,2022,Götuljósakort,Reykjavíkurborg - eignasjóður,0,40002112,,117,,Hönnun hjá RVK,2022/12/20 10:13:49+00,2023/05/03 13:47:19+00,,,,{2F8BB648-70BB-47BD-AA27-E5A3AC9470BC},Innfært,https://dmm.on.is/service/HandlerGatlistiOpinLeitEignaflokkur.ashx?Gatlisti=22553&OpinLeit=drst0026&Eignaflokkur=15440&Sleppa=0,357276.2318,407298.0607,,237801.0,1.0,,Vesturbær Götulýsing,,64.13875139,-21.93230985,,,,97662,5628,LQ93-3BFR-LED12W2.7K,LQ93-3BFR-LED12W2.7K,GMR Enlights,LED,12,,2700.0,,,,,,LQ93-3BFR 12W 2.7K,3042023,1011900.0,,,G,12,,,,,,,,,,,
1861523,Götuljós,18,84417,26,2022,Götuljósakort,Reykjavíkurborg - eignasjóður,0,40002112,,117,,Hönnun hjá RVK,2022/12/20 10:13:49+00,2023/05/03 13:47:19+00,,,,{53EADCBC-C8DD-42DF-AA50-E929DE41F7A6},Innfært,https://dmm.on.is/service/HandlerGatlistiOpinLeitEignaflokkur.ashx?Gatlisti=22553&OpinLeit=drst0026&Eignaflokkur=15440&Sleppa=0,357251.6184,407292.2715,,237802.0,1.0,,Vesturbær Götulýsing,,64.13868928,-21.9328093,,,,97663,5628,LQ93-3BFR-LED12W2.7K,LQ93-3BFR-LED12W2.7K,GMR Enlights,LED,12,,2700.0,,,,,,LQ93-3BFR 12W 2.7K,3042023,1011900.0,,,G,12,,,,,,,,,,,
1861524,Götuljós,18,84418,26,2022,Götuljósakort,Reykjavíkurborg - eignasjóður,0,40002112,,117,,Hönnun hjá RVK,2022/12/20 10:13:49+00,2023/05/03 13:47:19+00,,,,{56ED8C14-8079-4576-A9AC-B19F4B41B364},Innfært,https://dmm.on.is/service/HandlerGatlistiOpinLeitEignaflokkur.ashx?Gatlisti=22553&OpinLeit=drst0026&Eignaflokkur=15440&Sleppa=0,357297.3577,407292.2715,,237803.0,1.0,,Vesturbær Götulýsing,,64.1387083,-21.93187092,,,,97664,5628,LQ93-3BFR-LED12W2.7K,LQ93-3BFR-LED12W2.7K,GMR Enlights,LED,12,,2700.0,,,,,,LQ93-3BFR 12W 2.7K,3042023,1011900.0,,,G,12,,,,,,,,,,,
1861533,Götuljós,18,84408,106,2022,Götuljósakort,Reykjavíkurborg - eignasjóður,0,40002112,,117,,Hönnun hjá RVK,2022/12/20 10:13:49+00,2023/05/03 13:45:07+00,,,,{7BFF71B7-5462-4111-A68B-1FD3814CAC23},Innfært,https://dmm.on.is/service/HandlerGatlistiOpinLeitEignaflokkur.ashx?Gatlisti=22553&OpinLeit=drst0106&Eignaflokkur=15440&Sleppa=0,356894.7537,407656.2704,,237793.0,,,Vesturbær Götulýsing,,64.14180219,-21.94047824,,,,97652,5628,LQ93-3BFR-LED12W2.7K,LQ93-3BFR-LED12W2.7K,GMR Enlights,LED,12,,2700.0,,,,,,LQ93-3BFR 12W 2.7K,3042023,1011900.0,,,G,12,,,,,,,,,,,
1861590,Götuljós,18,84419,106,2022,Götuljósakort,Reykjavíkurborg - eignasjóður,0,40002112,,117,,Hönnun hjá RVK,2022/12/20 10:13:49+00,2023/05/03 13:45:07+00,,,,{3F2FF22C-2E86-4A6C-B902-DE000B80476A},Innfært,https://dmm.on.is/service/HandlerGatlistiOpinLeitEignaflokkur.ashx?Gatlisti=22553&OpinLeit=drst0106&Eignaflokkur=15440&Sleppa=0,356884.5427,407597.1324,,237804.0,,,Vesturbær Götulýsing,,64.14126803,-21.94063127,,,,97657,5628,LQ93-3BFR-LED12W2.7K,LQ93-3BFR-LED12W2.7K,GMR Enlights,LED,12,,2700.0,,,,,,LQ93-3BFR 12W 2.7K,3042023,1011900.0,,,G,12,,,,,,,,,,,
1861592,Götuljós,18,84420,106,2022,Götuljósakort,Reykjavíkurborg - eignasjóður,0,40002112,,117,,Hönnun hjá RVK,2022/12/20 10:13:49+00,2023/05/03 13:45:07+00,,,,{81C74709-EDF6-4C53-8805-85A47BE0BED1},Innfært,https://dmm.on.is/service/HandlerGatlistiOpinLeitEignaflokkur.ashx?Gatlisti=22553&OpinLeit=drst0106&Eignaflokkur=15440&Sleppa=0,356895.3138,407516.1175,,237805.0,,,Vesturbær Götulýsing,,64.14054661,-21.9403329,,,,97658,5628,LQ93-3BFR-LED12W2.7K,LQ93-3BFR-LED12W2.7K,GMR Enlights,LED,12,,2700.0,,,,,,LQ93-3BFR 12W 2.7K,3042023,1011900.0,,,G,12,,,,,,,,,,,
1861593,Götuljós,18,84421,26,2022,Götuljósakort,Reykjavíkurborg - eignasjóður,0,40002112,,117,,Hönnun hjá RVK,2022/12/20 10:13:50+00,2023/05/03 13:47:19+00,,,,{948251EC-DD1A-4D5F-A688-503ED223C0FA},Innfært,https://dmm.on.is/service/HandlerGatlistiOpinLeitEignaflokkur.ashx?Gatlisti=22553&OpinLeit=drst0026&Eignaflokkur=15440&Sleppa=0,357239.0157,407277.0785,,237806.0,1.0,,Vesturbær Götulýsing,,64.1385479,-21.93305338,,,,97665,5628,LQ93-3BFR-LED12W2.7K,LQ93-3BFR-LED12W2.7K,GMR Enlights,LED,12,,2700.0,,,,,,LQ93-3BFR 12W 2.7K,3042023,1011900.0,,,G,12,,,,,,,,,,,
1861767,Götuljós,18,84409,106,2022,Götuljósakort,Reykjavíkurborg - eignasjóður,0,40002112,,117,,Hönnun hjá RVK,2022/12/20 10:13:49+00,2023/05/03 13:45:07+00,,,,{51ED9A8A-4951-48CF-BA7C-714B2EC28292},Innfært,https://dmm.on.is/service/HandlerGatlistiOpinLeitEignaflokkur.ashx?Gatlisti=22553&OpinLeit=drst0106&Eignaflokkur=15440&Sleppa=0,356890.0742,407626.6193,,237794.0,,,Vesturbær Götulýsing,,64.14153455,-21.94054594,,,,97653,5628,LQ93-3BFR-LED12W2.7K,LQ93-3BFR-LED12W2.7K,GMR Enlights,LED,12,,2700.0,,,,,,LQ93-3BFR 12W 2.7K,3042023,1011900.0,,,G,12,,,,,,,,,,,
1861768,Götuljós,18,84410,106,2022,Götuljósakort,Reykjavíkurborg - eignasjóður,0,40002112,,117,,Hönnun hjá RVK,2022/12/20 10:13:49+00,2023/05/03 13:45:07+00,,,,{B1A8C31C-1DFE-4147-A39E-7B04E29D897A},Innfært,https://dmm.on.is/service/HandlerGatlistiOpinLeitEignaflokkur.ashx?Gatlisti=22553&OpinLeit=drst0106&Eignaflokkur=15440&Sleppa=0,356881.9659,407541.3826,,237795.0,,,Vesturbær Götulýsing,,64.14076742,-21.94063089,,,,97654,5628,LQ93-3BFR-LED12W2.7K,LQ93-3BFR-LED12W2.7K,GMR Enlights,LED,12,,2700.0,,,,,,LQ93-3BFR 12W 2.7K,3042023,1011900.0,,,G,12,,,,,,,,,,,
1861769,Götuljós,18,84411,106,2022,Götuljósakort,Reykjavíkurborg - eignasjóður,0,40002112,,117,,Hönnun hjá RVK,2022/12/20 10:13:49+00,2023/05/03 13:45:07+00,,,,{336938A9-CFCB-4B43-A1C1-8820E41AB194},Innfært,https://dmm.on.is/service/HandlerGatlistiOpinLeitEignaflokkur.ashx?Gatlisti=22553&OpinLeit=drst0106&Eignaflokkur=15440&Sleppa=0,356920.0801,407498.8441,,237796.0,,,Vesturbær Götulýsing,,64.14040216,-21.93980828,,,,97655,5628,LQ93-3BFR-LED12W2.7K,LQ93-3BFR-LED12W2.7K,GMR Enlights,LED,12,,2700.0,,,,,,LQ93-3BFR 12W 2.7K,3042023,1011900.0,,,G,12,,,,,,,,,,,
1861770,Götuljós,18,84412,106,2022,Götuljósakort,Reykjavíkurborg - eignasjóður,0,40002112,,117,,Hönnun hjá RVK,2022/12/20 10:13:49+00,2023/05/03 13:45:07+00,,,,{FA2E577A-EEF2-4512-8836-85562C33BEA3},Innfært,https://dmm.on.is/service/HandlerGatlistiOpinLeitEignaflokkur.ashx?Gatlisti=22553&OpinLeit=drst0106&Eignaflokkur=15440&Sleppa=0,356952.6591,407487.0092,,237797.0,,,Vesturbær Götulýsing,,64.1403097,-21.93912855,,,,97656,5628,LQ93-3BFR-LED12W2.7K,LQ93-3BFR-LED12W2.7K,GMR Enlights,LED,12,,2700.0,,,,,,LQ93-3BFR 12W 2.7K,3042023,1011900.0,,,G,12,,,,,,,,,,,
1861771,Götuljós,18,84413,26,2022,Götuljósakort,Reykjavíkurborg - eignasjóður,0,40002112,,117,,Hönnun hjá RVK,2022/12/20 10:13:49+00,2023/05/03 13:47:19+00,,,,{31A55E72-D1FC-4447-BABC-8141518699F9},Innfært,https://dmm.on.is/service/HandlerGatlistiOpinLeitEignaflokkur.ashx?Gatlisti=22553&OpinLeit=drst0026&Eignaflokkur=15440&Sleppa=0,357259.9971,407270.4992,,237798.0,1.0,,Vesturbær Götulýsing,,64.13849768,-21.93261667,,,,97659,5628,LQ93-3BFR-LED12W2.7K,LQ93-3BFR-LED12W2.7K,GMR Enlights,LED,12,,2700.0,,,,,,LQ93-3BFR 12W 2.7K,3042023,1011900.0,,,G,12,,,,,,,,,,,
1861772,Götuljós,18,84414,26,2022,Götuljósakort,Reykjavíkurborg - eignasjóður,0,40002112,,117,,Hönnun hjá RVK,2022/12/20 10:13:49+00,2023/05/03 13:47:19+00,,,,{ADEBE591-7827-4E2A-B7D6-C02C3AF22D23},Innfært,https://dmm.on.is/service/HandlerGatlistiOpinLeitEignaflokkur.ashx?Gatlisti=22553&OpinLeit=drst0026&Eignaflokkur=15440&Sleppa=0,357281.9872,407270.3311,,237799.0,1.0,,Vesturbær Götulýsing,,64.13850532,-21.93216537,,,,97660,5628,LQ93-3BFR-LED12W2.7K,LQ93-3BFR-LED12W2.7K,GMR Enlights,LED,12,,2700.0,,,,,,LQ93-3BFR 12W 2.7K,3042023,1011900.0,,,G,12,,,,,,,,,,,
1862721,Götuljós,80,28697,26,1996,Götuljósakort,Reykjavíkurborg - eignasjóður,0,70002695,2626.0,107,268.6498444,,1996/05/21 00:00:00+00,2023/01/04 13:27:25+00,0.0,,403.0,{C35447FE-5304-47AD-B204-28902BD90AB4},Innfært,https://dmm.on.is/service/HandlerGatlistiOpinLeitEignaflokkur.ashx?Gatlisti=22553&OpinLeit=drst0026&Eignaflokkur=15440&Sleppa=0,357340.452,407237.235,0.0,33880.0,1.0,,Vesturbær Götulýsing,,64.13823308,-21.93093441,,Vesturbær Götulýsing            ,,92186,33,MazdaComete-NA250W,MazdaComete-NA250W,Mazda,,250,,2000.0,,,,,,Mazda Comete 250W NA,1101989,1011900.0,,,M,250,,,,,,,,,,,
1862750,Götuljós,8,992,26,1996,Götuljósakort,Reykjavíkurborg - eignasjóður,0,1-2015A,2662.0,108,245.0560947,,1996/05/21 00:00:00+00,2023/01/04 13:27:25+00,0.0,,403.0,{166C138C-FD5C-48FC-845F-D82254EF47E1},Innfært,https://dmm.on.is/service/HandlerGatlistiOpinLeitEignaflokkur.ashx?Gatlisti=22553&OpinLeit=drst0026&Eignaflokkur=15440&Sleppa=0,357117.248,407318.015,0.0,33880.0,1.0,,Vesturbær Götulýsing,,64.13886403,-21.93559056,,Vesturbær Götulýsing            ,,31704,13,Philips-NA150W,Philips-NA150W,Philips,,150,,2000.0,,,,,,Philips 150W NA,23031996,28042011.0,,,M,150,,,,,,,,,,,
1862751,Götuljós,99,28703,26,1996,Götuljósakort,Reykjavíkurborg - eignasjóður,0,1-2015A,2663.0,199,90.0,Veita_43002,1996/05/21 00:00:00+00,2023/01/04 13:27:26+00,0.0,,403.0,{BAF660AC-E54E-4434-AEB2-A9C88CD8618D},Innfært,https://dmm.on.is/service/HandlerGatlistiOpinLeitEignaflokkur.ashx?Gatlisti=22553&OpinLeit=drst0026&Eignaflokkur=15440&Sleppa=0,357156.223,407301.695,0.0,33880.0,1.0,,Vesturbær Götulýsing,,64.13873402,-21.9347754,,Vesturbær Götulýsing            ,,31694,13,Philips-NA150W,Philips-NA150W,Philips,,150,,2000.0,,,,,,Philips 150W NA,23031996,1011900.0,,,M,150,,,,,,,,,,,
1862903,Götuljós,3,66380,26,2005,Götuljósakort,Reykjavíkurborg - eignasjóður,0,70002695,710427.0,103,247.2490237,Veita_43002,2006/01/30 09:39:14+00,2023/01/04 13:27:23+00,0.0,,403.0,{16FE67E7-0D96-4ADB-ABCC-05FA24C2695B},Innfært,https://dmm.on.is/service/HandlerGatlistiOpinLeitEignaflokkur.ashx?Gatlisti=22553&OpinLeit=drst0026&Eignaflokkur=15440&Sleppa=0,357294.97,407243.268,0.0,33880.0,1.0,,Vesturbær Götulýsing,,64.13826822,-21.93187325,,Vesturbær Götulýsing            ,,62321,1341,Siteco-NA70W,Siteco-NA70W,Siteco,,70,,2000.0,,,,,,ST50 Siteco 70W NA,1032006,1011900.0,,,M,70,,,,,,,,,,,
1862905,Götuljós,99,28713,26,1996,Götuljósakort,Reykjavíkurborg - eignasjóður,0,1-2015A,2627.0,199,90.0,Veita_43002,1996/05/21 00:00:00+00,2023/01/04 13:27:24+00,10.0,,403.0,{01688B56-E5B6-412A-8EE1-401BA06DE42D},Innfært,https://dmm.on.is/service/HandlerGatlistiOpinLeitEignaflokkur.ashx?Gatlisti=22553&OpinLeit=drst0026&Eignaflokkur=15440&Sleppa=0,357213.913,407284.933,0.0,33880.0,1.0,,Vesturbær Götulýsing,,64.13860784,-21.93357587,,Vesturbær Götulýsing            ,,31740,42,AEC Uno-NA100W,AEC Uno-NA100W,AEC,,100,,2000.0,,,,,,AEC Uno 100W NAH-T,1071993,1011900.0,,,M,100,,,,,,,,,,,
1863076,Götuljós,21,28702,26,1996,Götuljósakort,Reykjavíkurborg - eignasjóður,0,1-2015A,2664.0,121,68.10216331,,1996/05/21 00:00:00+00,2023/01/04 13:27:26+00,0.0,,403.0,{CE81C9F3-163F-41AD-B685-BAAACD517CEB},Innfært,https://dmm.on.is/service/HandlerGatlistiOpinLeitEignaflokkur.ashx?Gatlisti=22553&OpinLeit=drst0026&Eignaflokkur=15440&Sleppa=0,357191.737,407287.356,0.0,33880.0,1.0,,Hringbraut Hringbr./Smárag,,64.13862032,-21.93403313,,Hringbraut Hringbr./Smárag      ,,31737,81,WEEF-MH250W,WEEF-MH250W,WE-EF,MH,250,,3000.0,,,,,,WE-EF 250W MH,3121994,1011900.0,,,M,250,,,,,,,,,,,
1863077,Götuljós,89,50397,26,2002,Götuljósakort,Reykjavíkurborg - eignasjóður,0,70002695,97407.0,189,180.0,Veita_43002,2003/03/28 00:00:00+00,2023/01/04 13:27:24+00,0.0,,403.0,{12A034DB-68A2-4BEE-B94C-1AE642C1D9EA},Innfært,https://dmm.on.is/service/HandlerGatlistiOpinLeitEignaflokkur.ashx?Gatlisti=22553&OpinLeit=drst0026&Eignaflokkur=15440&Sleppa=0,357330.5321,407249.8074,0.0,33880.0,1.0,,Vesturbær Götulýsing,,64.1383416,-21.93114989,,Vesturbær Götulýsing            ,,50472,6403,SRL-LED49WL66+L90 3.0K,SRL-LED49WL66+L90 3.0K,Vizulo,LED,49,,3000.0,,3000.0,,,,Stork.LB B048L66+L90 ZH-DIM5920lm,20032023,8032011.0,,,M,49,,,,ZH,,,,,,,
1863112,Götuljós,3,66379,26,2005,Götuljósakort,Reykjavíkurborg - eignasjóður,0,70093170,710426.0,103,247.2490237,Veita_43002,2006/01/30 09:39:08+00,2023/01/04 13:27:26+00,10.0,,403.0,{F4D09B47-2285-4E25-81CA-5D29899D9208},Innfært,https://dmm.on.is/service/HandlerGatlistiOpinLeitEignaflokkur.ashx?Gatlisti=22553&OpinLeit=drst0026&Eignaflokkur=15440&Sleppa=0,357259.34,407260.062,0.0,33880.0,1.0,,Vesturbær Götulýsing,,64.13840388,-21.93262021,,Vesturbær Götulýsing            ,,62320,1341,Siteco-NA70W,Siteco-NA70W,Siteco,,70,,2000.0,,,,,,ST50 Siteco 70W NA,1032006,1011900.0,,,M,70,,,,,,,,,,,
1864655,Götuljós,99,27377,74,1995,Götuljósakort,Listasafn Reykjavíkur,0,1-0681,1971.0,1,35.54216003,,1996/02/19 00:00:00+00,2023/05/02 12:48:02+00,0.0,,403.0,{740D4584-8315-4B26-814F-6644F81A7FDA},Innfært,https://dmm.on.is/service/HandlerGatlistiOpinLeitEignaflokkur.ashx?Gatlisti=22553&OpinLeit=drst0074&Eignaflokkur=15440&Sleppa=0,356901.581,407641.258,0.0,16729.0,,,Sóleyjargata 2 Hljómskálinn,,64.14167052,-21.94032382,,Sóleyjargata 2 Hljómskálinn     ,,29365,157,Bega-K125W,Bega-K125W,Bega,K,125,,4200.0,,,,,,Bega 125W K,22121994,,,,L,125,,,,,,,,,,,
1864656,Götuljós,99,27376,74,1995,Götuljósakort,Listasafn Reykjavíkur,0,1-0681,1972.0,1,309.921814,,1996/02/19 00:00:00+00,2023/05/02 12:48:08+00,0.0,,403.0,{69A63B2B-40AB-4DF7-8D67-6AB9471D319E},Innfært,https://dmm.on.is/service/HandlerGatlistiOpinLeitEignaflokkur.ashx?Gatlisti=22553&OpinLeit=drst0074&Eignaflokkur=15440&Sleppa=0,356902.147,407644.982,0.0,16729.0,,,Sóleyjargata 2 Hljómskálinn,,64.14170412,-21.94031576,,Sóleyjargata 2 Hljómskálinn     ,,29364,157,Bega-K125W,Bega-K125W,Bega,K,125,,4200.0,,,,,,Bega 125W K,22121994,,,,L,125,,,,,,,,,,,
1865129,Götuljós,99,27375,74,1995,Götuljósakort,Listasafn Reykjavíkur,0,1-0681,1973.0,1,118.4069157,,1996/02/19 00:00:00+00,2023/05/02 12:48:27+00,0.0,,403.0,{EE3ACC95-EB8B-4305-8BC9-E02392157DF5},Innfært,https://dmm.on.is/service/HandlerGatlistiOpinLeitEignaflokkur.ashx?Gatlisti=22553&OpinLeit=drst0074&Eignaflokkur=15440&Sleppa=0,356896.24,407694.235,0.0,16729.0,,,Sóleyjargata 2 Hljómskálinn,,64.14214298,-21.940484,,Sóleyjargata 2 Hljómskálinn     ,,29363,157,Bega-K125W,Bega-K125W,Bega,K,125,,4200.0,,,,,,Bega 125W K,22121994,,,,L,125,,,,,,,,,,,
1865156,Götuljós,99,27374,74,1995,Götuljósakort,Listasafn Reykjavíkur,0,1-0681,1974.0,1,42.20642471,,1996/02/19 00:00:00+00,2023/05/02 12:48:27+00,0.0,,403.0,{CE174609-2EBC-4A95-89D1-BC7A26756AB1},Innfært,https://dmm.on.is/service/HandlerGatlistiOpinLeitEignaflokkur.ashx?Gatlisti=22553&OpinLeit=drst0074&Eignaflokkur=15440&Sleppa=0,356889.157,407695.396,0.0,16729.0,,,Sóleyjargata 2 Hljómskálinn,,64.14215043,-21.94063044,,Sóleyjargata 2 Hljómskálinn     ,,29362,157,Bega-K125W,Bega-K125W,Bega,K,125,,4200.0,,,,,,Bega 125W K,22121994,,,,L,125,,,,,,,,,,,
1865157,Götuljós,18,66358,432,2005,Götuljósakort,Gatnamálastofa-rekstur/viðhald,0,70096747,711000.0,118,180.8680515,Veita_43002,2005/05/18 15:57:11+00,2023/05/02 12:47:19+00,0.0,,403.0,{FE424AF8-2283-496B-A7A6-ED9385BF6760},Innfært,https://dmm.on.is/service/HandlerGatlistiOpinLeitEignaflokkur.ashx?Gatlisti=22553&OpinLeit=drst0432&Eignaflokkur=15440&Sleppa=0,356825.994,407532.208,0.0,21044.0,,,Vesturbær Götulýsing,,64.14066186,-21.94177051,,Vesturbær Götulýsing            ,,90180,5628,LQ93-3BFR-LED12W2.7K,LQ93-3BFR-LED12W2.7K,GMR Enlights,LED,12,,2700.0,,,,,,LQ93-3BFR 12W 2.7K,15042019,1011900.0,,,G,12,,,,,,,,,,,
1865158,Götuljós,17,26994,74,1994,Götuljósakort,Reykjavíkurborg - eignasjóður,0,70096747,1494211.0,117,335.7907253,Áætlað 2009 - Dreifing,1993/12/31 00:00:00+00,2023/05/02 12:45:41+00,0.0,,403.0,{6F1507E7-9793-47FC-A93C-C658D7540A00},Innfært,https://dmm.on.is/service/HandlerGatlistiOpinLeitEignaflokkur.ashx?Gatlisti=22553&OpinLeit=drst0074&Eignaflokkur=15440&Sleppa=0,356863.984,407642.352,0.0,16729.0,,,Vesturbær Götulýsing,,64.14166464,-21.94109628,,Vesturbær Götulýsing            ,,90197,5628,LQ93-3BFR-LED12W2.7K,LQ93-3BFR-LED12W2.7K,GMR Enlights,LED,12,,2700.0,,,,,,LQ93-3BFR 12W 2.7K,15042019,1011900.0,,,G,12,,,,,,,,,,,
1865643,Götuljós,5,81271,26,2020,Götuljósakort,Reykjavíkurborg - eignasjóður,0,70002695,1559005.0,105,265.981691,\\torfajokull\hnitanir$\Lmæling\lukhnit\2020\OR20010941.csv,2020/08/26 11:56:03+00,2023/01/04 13:27:24+00,0.01,0.013,802.0,{718C240A-2244-4CD4-8372-60B8B6A03096},Innfært,https://dmm.on.is/service/HandlerGatlistiOpinLeitEignaflokkur.ashx?Gatlisti=22553&OpinLeit=drst0026&Eignaflokkur=15440&Sleppa=0,357306.371,407241.291,16.742,33880.0,1.0,,Vesturbær Götulýsing,,64.13825525,-21.93163747,,Vesturbær Götulýsing            ,,92185,13,Philips-NA150W,Philips-NA150W,Philips,,150,,2000.0,,,,,,Philips 150W NA,1082020,1011900.0,,,M,150,,,,,,,,,,,
1866381,Götuljós,18,66357,432,2005,Götuljósakort,Gatnamálastofa-rekstur/viðhald,0,70096747,711004.0,118,211.1389724,Veita_43002,2005/05/18 15:57:11+00,2023/05/03 13:41:44+00,0.3,,403.0,{02800E93-C3EC-41BB-B915-B05438B32014},Innfært,https://dmm.on.is/service/HandlerGatlistiOpinLeitEignaflokkur.ashx?Gatlisti=22553&OpinLeit=drst0432&Eignaflokkur=15440&Sleppa=0,356844.389,407459.279,0.0,14657.0,,,Vesturbær Götulýsing,,64.14001607,-21.94132343,,Vesturbær Götulýsing            ,,90179,5628,LQ93-3BFR-LED12W2.7K,LQ93-3BFR-LED12W2.7K,GMR Enlights,LED,12,,2700.0,,,,,,LQ93-3BFR 12W 2.7K,15042019,1011900.0,,,G,12,,,,,,,,,,,
1866384,Götuljós,17,27048,106,2005,Götuljósakort,Gatnamálastofa-rekstur/viðhald,0,70096747,1214673.0,117,90.0,Áætlað 2009 - Dreifing,1995/11/28 00:00:00+00,2023/05/03 13:45:07+00,0.0,,403.0,{AB66DBA6-48CA-445A-8F71-9D43AFE8469E},Innfært,https://dmm.on.is/service/HandlerGatlistiOpinLeitEignaflokkur.ashx?Gatlisti=22553&OpinLeit=drst0106&Eignaflokkur=15440&Sleppa=0,356878.771,407567.677,0.0,42944.0,,,Vesturbær Götulýsing,,64.1410017,-21.94072156,,Vesturbær Götulýsing            ,,90158,5628,LQ93-3BFR-LED12W2.7K,LQ93-3BFR-LED12W2.7K,GMR Enlights,LED,12,,2700.0,,,,,,LQ93-3BFR 12W 2.7K,15042019,1011900.0,,,G,12,,,,,,,,,,,
1867783,Strætóskýli,89,31414,26,1998,Götuljósakort,Reykjavíkurborg - eignasjóður,0,,0.0,5,341.2058563,,1998/12/29 00:00:00+00,2023/01/04 13:27:26+00,0.0,,403.0,{1C7AEA4E-3435-49B7-B2B5-8F10BF68E52E},Innfært,https://dmm.on.is/service/HandlerGatlistiOpinLeitEignaflokkur.ashx?Gatlisti=22553&OpinLeit=drst0026&Eignaflokkur=15440&Sleppa=0,357184.438,407294.246,0.0,33880.0,1.0,,"Hringbraut, SVR nr.331          ",,64.13867902,-21.93418944,,"Hringbraut, SVR nr.331          ",,35437,287,AFAJCDecauxSTRÆTÓ-F220W,AFAJCDecauxSTRÆTÓ-F220W,AFA JCDecaux,F,220,,,,,,,,Strætisv.SK 220 W F,17091998,1011900.0,,,M,220,,,,,,,,,,,
1868203,Götuljós,3,66378,26,2005,Götuljósakort,Reykjavíkurborg - eignasjóður,0,70093170,710425.0,103,247.2490237,Veita_43002,2006/01/30 09:38:59+00,2023/01/04 13:27:25+00,10.0,,403.0,{2320148C-ECC8-43F6-A540-4B8F71D3B692},Innfært,https://dmm.on.is/service/HandlerGatlistiOpinLeitEignaflokkur.ashx?Gatlisti=22553&OpinLeit=drst0026&Eignaflokkur=15440&Sleppa=0,357225.7,407273.643,0.0,33880.0,1.0,,Vesturbær Götulýsing,,64.13851158,-21.93332329,,Vesturbær Götulýsing            ,,62319,1341,Siteco-NA70W,Siteco-NA70W,Siteco,,70,,2000.0,,,,,,ST50 Siteco 70W NA,1032006,1011900.0,,,M,70,,,,,,,,,,,
